Scenario Name,Heap Size,Concurrent Users,Message Size (Bytes),Back-end Service Delay (ms),Label,# Samples,Error Count,Error %,Throughput (Requests/sec),Average Response Time (ms),Average Users in the System,Standard Deviation of Response Time (ms),Minimum Response Time (ms),Maximum Response Time (ms),75th Percentile of Response Time (ms),90th Percentile of Response Time (ms),95th Percentile of Response Time (ms),98th Percentile of Response Time (ms),99th Percentile of Response Time (ms),99.9th Percentile of Response Time (ms),Received (KB/sec),Sent (KB/sec),WSO2 API Manager GC Throughput (%),WSO2 API Manager Memory Footprint (M),Average WSO2 API Manager Memory Footprint After Full GC (M),Standard Deviation of WSO2 API Manager Memory Footprint After Full GC (M),Netty Service GC Throughput (%),Netty Service Memory Footprint (M),Average Netty Service Memory Footprint After Full GC (M),Standard Deviation of Netty Service Memory Footprint After Full GC (M),JMeter Client GC Throughput (%),JMeter Client Memory Footprint (M),Average JMeter Client Memory Footprint After Full GC (M),Standard Deviation of JMeter Client Memory Footprint After Full GC (M),JMeter Server 1 GC Throughput (%),JMeter Server 1 Memory Footprint (M),Average JMeter Server 1 Memory Footprint After Full GC (M),Standard Deviation of JMeter Server 1 Memory Footprint After Full GC (M),JMeter Server 2 GC Throughput (%),JMeter Server 2 Memory Footprint (M),Average JMeter Server 2 Memory Footprint After Full GC (M),Standard Deviation of JMeter Server 2 Memory Footprint After Full GC (M),WSO2 API Manager - Run queue length,WSO2 API Manager - Number of tasks,WSO2 API Manager - System Load Average - Last 1 minute,WSO2 API Manager - System Load Average - Last 5 minutes,WSO2 API Manager - System Load Average - Last 15 minutes,WSO2 API Manager - Blocked,WSO2 API Manager - CPU - User (%),WSO2 API Manager - CPU - Nice (%),WSO2 API Manager - CPU - System (%),WSO2 API Manager - CPU - I/O Wait (%),WSO2 API Manager - CPU - Steal (%),WSO2 API Manager - CPU - Idle (%),WSO2 API Manager - Memory - Free (kB),WSO2 API Manager - Memory - Available (kB),WSO2 API Manager - Memory - Used (kB),WSO2 API Manager - Memory - Used (%),WSO2 API Manager - Memory - Buffers (kB),WSO2 API Manager - Memory - Cached (kB),WSO2 API Manager - Memory - Commit (kB),WSO2 API Manager - Memory - Commit (%),WSO2 API Manager - Memory - Active (kB),WSO2 API Manager - Memory - Inactive (kB),WSO2 API Manager - Memory - Dirty (kB),WSO2 API Manager - Block Device - TPS (transfers/s),WSO2 API Manager - Block Device - Read TPS (kB/s),WSO2 API Manager - Block Device - Write TPS (kB/s),WSO2 API Manager - Block Device - Discard TPS (kB/s),WSO2 API Manager - Block Device - Average Request Size (kB),WSO2 API Manager - Block Device - Average Queue Length,WSO2 API Manager - Block Device - Average Time (ms),WSO2 API Manager - Block Device - Utilization (%),WSO2 API Manager - IO - TPS (transfers/s),WSO2 API Manager - IO - Read TPS (requests/s,WSO2 API Manager - IO - Write TPS (requests/s),WSO2 API Manager - IO - Discard TPS (requests/s),WSO2 API Manager - IO - Data reads per seconds (blocks/s),WSO2 API Manager - IO - Data writes per seconds (blocks/s),WSO2 API Manager - IO - Data discarded per seconds (blocks/s),WSO2 API Manager - Tasks created per second,WSO2 API Manager - Context switches per second,WSO2 API Manager - Unused directory cache entries,WSO2 API Manager - Number of file handles,WSO2 API Manager - Number of inode handlers,WSO2 API Manager - Number of pseudo-terminals,WSO2 API Manager - Network - Received packets/s,WSO2 API Manager - Network - Transmitted packets/s,WSO2 API Manager - Network - Received kB/s,WSO2 API Manager - Network - Transmitted kB/s,WSO2 API Manager - Network - Received compressed packets/s,WSO2 API Manager - Network - Transmitted compressed packets/s,WSO2 API Manager - Network - Received multicast packets/s,WSO2 API Manager - Network - Utilization (%),WSO2 API Manager - Task clock,WSO2 API Manager - Context switches,WSO2 API Manager - CPU Migrations,WSO2 API Manager - Page faults,Netty Service - Run queue length,Netty Service - Number of tasks,Netty Service - System Load Average - Last 1 minute,Netty Service - System Load Average - Last 5 minutes,Netty Service - System Load Average - Last 15 minutes,Netty Service - Blocked,Netty Service - CPU - User (%),Netty Service - CPU - Nice (%),Netty Service - CPU - System (%),Netty Service - CPU - I/O Wait (%),Netty Service - CPU - Steal (%),Netty Service - CPU - Idle (%),Netty Service - Memory - Free (kB),Netty Service - Memory - Available (kB),Netty Service - Memory - Used (kB),Netty Service - Memory - Used (%),Netty Service - Memory - Buffers (kB),Netty Service - Memory - Cached (kB),Netty Service - Memory - Commit (kB),Netty Service - Memory - Commit (%),Netty Service - Memory - Active (kB),Netty Service - Memory - Inactive (kB),Netty Service - Memory - Dirty (kB),Netty Service - Block Device - TPS (transfers/s),Netty Service - Block Device - Read TPS (kB/s),Netty Service - Block Device - Write TPS (kB/s),Netty Service - Block Device - Discard TPS (kB/s),Netty Service - Block Device - Average Request Size (kB),Netty Service - Block Device - Average Queue Length,Netty Service - Block Device - Average Time (ms),Netty Service - Block Device - Utilization (%),Netty Service - IO - TPS (transfers/s),Netty Service - IO - Read TPS (requests/s,Netty Service - IO - Write TPS (requests/s),Netty Service - IO - Discard TPS (requests/s),Netty Service - IO - Data reads per seconds (blocks/s),Netty Service - IO - Data writes per seconds (blocks/s),Netty Service - IO - Data discarded per seconds (blocks/s),Netty Service - Tasks created per second,Netty Service - Context switches per second,Netty Service - Unused directory cache entries,Netty Service - Number of file handles,Netty Service - Number of inode handlers,Netty Service - Number of pseudo-terminals,Netty Service - Network - Received packets/s,Netty Service - Network - Transmitted packets/s,Netty Service - Network - Received kB/s,Netty Service - Network - Transmitted kB/s,Netty Service - Network - Received compressed packets/s,Netty Service - Network - Transmitted compressed packets/s,Netty Service - Network - Received multicast packets/s,Netty Service - Network - Utilization (%),Netty Service - Task clock,Netty Service - Context switches,Netty Service - CPU Migrations,Netty Service - Page faults,JMeter Client - Run queue length,JMeter Client - Number of tasks,JMeter Client - System Load Average - Last 1 minute,JMeter Client - System Load Average - Last 5 minutes,JMeter Client - System Load Average - Last 15 minutes,JMeter Client - Blocked,JMeter Client - CPU - User (%),JMeter Client - CPU - Nice (%),JMeter Client - CPU - System (%),JMeter Client - CPU - I/O Wait (%),JMeter Client - CPU - Steal (%),JMeter Client - CPU - Idle (%),JMeter Client - Memory - Free (kB),JMeter Client - Memory - Available (kB),JMeter Client - Memory - Used (kB),JMeter Client - Memory - Used (%),JMeter Client - Memory - Buffers (kB),JMeter Client - Memory - Cached (kB),JMeter Client - Memory - Commit (kB),JMeter Client - Memory - Commit (%),JMeter Client - Memory - Active (kB),JMeter Client - Memory - Inactive (kB),JMeter Client - Memory - Dirty (kB),JMeter Client - Block Device - TPS (transfers/s),JMeter Client - Block Device - Read TPS (kB/s),JMeter Client - Block Device - Write TPS (kB/s),JMeter Client - Block Device - Discard TPS (kB/s),JMeter Client - Block Device - Average Request Size (kB),JMeter Client - Block Device - Average Queue Length,JMeter Client - Block Device - Average Time (ms),JMeter Client - Block Device - Utilization (%),JMeter Client - IO - TPS (transfers/s),JMeter Client - IO - Read TPS (requests/s,JMeter Client - IO - Write TPS (requests/s),JMeter Client - IO - Discard TPS (requests/s),JMeter Client - IO - Data reads per seconds (blocks/s),JMeter Client - IO - Data writes per seconds (blocks/s),JMeter Client - IO - Data discarded per seconds (blocks/s),JMeter Client - Tasks created per second,JMeter Client - Context switches per second,JMeter Client - Unused directory cache entries,JMeter Client - Number of file handles,JMeter Client - Number of inode handlers,JMeter Client - Number of pseudo-terminals,JMeter Client - Network - Received packets/s,JMeter Client - Network - Transmitted packets/s,JMeter Client - Network - Received kB/s,JMeter Client - Network - Transmitted kB/s,JMeter Client - Network - Received compressed packets/s,JMeter Client - Network - Transmitted compressed packets/s,JMeter Client - Network - Received multicast packets/s,JMeter Client - Network - Utilization (%),JMeter Server 1 - Run queue length,JMeter Server 1 - Number of tasks,JMeter Server 1 - System Load Average - Last 1 minute,JMeter Server 1 - System Load Average - Last 5 minutes,JMeter Server 1 - System Load Average - Last 15 minutes,JMeter Server 1 - Blocked,JMeter Server 1 - CPU - User (%),JMeter Server 1 - CPU - Nice (%),JMeter Server 1 - CPU - System (%),JMeter Server 1 - CPU - I/O Wait (%),JMeter Server 1 - CPU - Steal (%),JMeter Server 1 - CPU - Idle (%),JMeter Server 1 - Memory - Free (kB),JMeter Server 1 - Memory - Available (kB),JMeter Server 1 - Memory - Used (kB),JMeter Server 1 - Memory - Used (%),JMeter Server 1 - Memory - Buffers (kB),JMeter Server 1 - Memory - Cached (kB),JMeter Server 1 - Memory - Commit (kB),JMeter Server 1 - Memory - Commit (%),JMeter Server 1 - Memory - Active (kB),JMeter Server 1 - Memory - Inactive (kB),JMeter Server 1 - Memory - Dirty (kB),JMeter Server 1 - Block Device - TPS (transfers/s),JMeter Server 1 - Block Device - Read TPS (kB/s),JMeter Server 1 - Block Device - Write TPS (kB/s),JMeter Server 1 - Block Device - Discard TPS (kB/s),JMeter Server 1 - Block Device - Average Request Size (kB),JMeter Server 1 - Block Device - Average Queue Length,JMeter Server 1 - Block Device - Average Time (ms),JMeter Server 1 - Block Device - Utilization (%),JMeter Server 1 - IO - TPS (transfers/s),JMeter Server 1 - IO - Read TPS (requests/s,JMeter Server 1 - IO - Write TPS (requests/s),JMeter Server 1 - IO - Discard TPS (requests/s),JMeter Server 1 - IO - Data reads per seconds (blocks/s),JMeter Server 1 - IO - Data writes per seconds (blocks/s),JMeter Server 1 - IO - Data discarded per seconds (blocks/s),JMeter Server 1 - Tasks created per second,JMeter Server 1 - Context switches per second,JMeter Server 1 - Unused directory cache entries,JMeter Server 1 - Number of file handles,JMeter Server 1 - Number of inode handlers,JMeter Server 1 - Number of pseudo-terminals,JMeter Server 1 - Network - Received packets/s,JMeter Server 1 - Network - Transmitted packets/s,JMeter Server 1 - Network - Received kB/s,JMeter Server 1 - Network - Transmitted kB/s,JMeter Server 1 - Network - Received compressed packets/s,JMeter Server 1 - Network - Transmitted compressed packets/s,JMeter Server 1 - Network - Received multicast packets/s,JMeter Server 1 - Network - Utilization (%),JMeter Server 2 - Run queue length,JMeter Server 2 - Number of tasks,JMeter Server 2 - System Load Average - Last 1 minute,JMeter Server 2 - System Load Average - Last 5 minutes,JMeter Server 2 - System Load Average - Last 15 minutes,JMeter Server 2 - Blocked,JMeter Server 2 - CPU - User (%),JMeter Server 2 - CPU - Nice (%),JMeter Server 2 - CPU - System (%),JMeter Server 2 - CPU - I/O Wait (%),JMeter Server 2 - CPU - Steal (%),JMeter Server 2 - CPU - Idle (%),JMeter Server 2 - Memory - Free (kB),JMeter Server 2 - Memory - Available (kB),JMeter Server 2 - Memory - Used (kB),JMeter Server 2 - Memory - Used (%),JMeter Server 2 - Memory - Buffers (kB),JMeter Server 2 - Memory - Cached (kB),JMeter Server 2 - Memory - Commit (kB),JMeter Server 2 - Memory - Commit (%),JMeter Server 2 - Memory - Active (kB),JMeter Server 2 - Memory - Inactive (kB),JMeter Server 2 - Memory - Dirty (kB),JMeter Server 2 - Block Device - TPS (transfers/s),JMeter Server 2 - Block Device - Read TPS (kB/s),JMeter Server 2 - Block Device - Write TPS (kB/s),JMeter Server 2 - Block Device - Discard TPS (kB/s),JMeter Server 2 - Block Device - Average Request Size (kB),JMeter Server 2 - Block Device - Average Queue Length,JMeter Server 2 - Block Device - Average Time (ms),JMeter Server 2 - Block Device - Utilization (%),JMeter Server 2 - IO - TPS (transfers/s),JMeter Server 2 - IO - Read TPS (requests/s,JMeter Server 2 - IO - Write TPS (requests/s),JMeter Server 2 - IO - Discard TPS (requests/s),JMeter Server 2 - IO - Data reads per seconds (blocks/s),JMeter Server 2 - IO - Data writes per seconds (blocks/s),JMeter Server 2 - IO - Data discarded per seconds (blocks/s),JMeter Server 2 - Tasks created per second,JMeter Server 2 - Context switches per second,JMeter Server 2 - Unused directory cache entries,JMeter Server 2 - Number of file handles,JMeter Server 2 - Number of inode handlers,JMeter Server 2 - Number of pseudo-terminals,JMeter Server 2 - Network - Received packets/s,JMeter Server 2 - Network - Transmitted packets/s,JMeter Server 2 - Network - Received kB/s,JMeter Server 2 - Network - Transmitted kB/s,JMeter Server 2 - Network - Received compressed packets/s,JMeter Server 2 - Network - Transmitted compressed packets/s,JMeter Server 2 - Network - Received multicast packets/s,JMeter Server 2 - Network - Utilization (%)
Passthrough,2G,100,50,0,HTTP Request,2168702,0,0,3614.7,27.58,99,28.24,1,625,29,52,78,108,130,349,998.98,4839.6,98.5,2048,,,99.99,4085,,,99.96,2048,,,99.83,4096,14.153,2135.462,99.85,4096,13.417,1070.56,14.2,1266,11.44,8.77,4.89,0,87.97,0,11.11,0,0.01,0.9,127885.33,477021.07,3408914.93,87.72,23440,519410.67,4230620,108.87,3039972.8,445924.27,150.4,2.07,2.18,19.52,0,9.3,0,0.93,0.07,2.07,0.28,1.78,0,4.36,39.04,0,0.85,10070.05,19364.93,1730.13,23933.4,0,6508.15,7949.5,5234.92,2393.51,0,0,0,0,N/A,N/A,N/A,N/A,0.27,176.6,0.07,0.06,0.04,0.07,1.23,0,1.18,0,0,97.58,5181328.53,6343669.07,1578186.93,19.92,47822.93,1316904,5047468,63.72,1327639.47,1155633.07,18.67,1.31,0.19,7.69,0,6.02,0,0.9,0.03,1.31,0.05,1.26,0,0.38,15.38,0,0.07,5506.83,49020.47,1177.6,36018.93,0,3706.17,3250.07,1076.66,669.57,0,0,0,0,84841.68,2463121,286730,346357,0.4,167.53,0.07,0.13,0.12,0.07,4.88,0,0.51,0.06,0,94.55,417609.07,2003068.27,1882875.73,48.45,58985.07,1704216.27,2794768.53,71.92,1656223.2,1557868.8,6154.4,3.25,0.39,404.3,0,125.7,0.01,2.03,0.13,3.25,0.06,3.18,0,0.78,808.6,0,0.13,658.82,51735.4,1130.67,38504.73,0,1207.41,574.63,8589.27,38.5,0,0,0,0,0.33,236.8,0.35,0.25,0.15,0.2,6,0,1.76,0.01,0,92.24,3322381.87,4693238.67,3228613.33,40.76,50461.6,1517314.13,5041406.93,63.64,2932240.27,1363640.27,34.13,1.39,0.19,8.59,0,6.27,0,0.91,0.03,1.39,0.05,1.34,0,0.38,17.18,0,0.12,2839.83,52179.6,1134.93,38999.6,0,2427.08,2253.16,622.97,6667.65,0,0,0,0,0.33,237.4,0.53,0.36,0.2,0.2,6.28,0,1.77,0.01,0,91.94,3342346.93,4712212.27,3209639.73,40.52,50547.47,1516031.47,5049824,63.75,2929972,1362062.67,28,1.39,0.19,8.84,0,6.34,0,0.91,0.03,1.39,0.05,1.35,0,0.38,17.68,0,0.13,2815.28,52151.53,1134.93,38971.27,0,2382.78,2204.94,614.71,6586.84,0,0,0,0
Passthrough,2G,100,1024,0,HTTP Request,2074815,0,0,3458.24,28.83,99,28.75,1,699,31,51,75,109,134,379,4248.51,7926.27,98.49,2048,,,99.99,4085,,,99.97,2048,,,99.85,4096,11.544,1624.224,99.84,4096,12.514,219.91,11.62,1263.25,10.75,10.13,8.39,0.06,84.69,0,10.76,0.03,0.01,4.51,113832.75,497860.5,3388075.5,87.19,23049.5,558060,4228253.75,108.81,3049268.5,471996.75,163.75,4.6,23.33,35.15,0,10.6,0,0.91,0.18,4.6,2.45,2.15,0,46.67,70.3,0,1.31,9433.33,22267.25,1718,21834.31,0,5944.1,7356.89,10429.43,7832.38,0,0,0,0,N/A,N/A,N/A,N/A,0.47,177.4,0.03,0.03,0,0.2,1.18,0,1.23,0.01,0,97.59,5254506.93,6418717.6,1503138.4,18.97,48645.33,1317892,5047378.4,63.71,1256315.73,1156683.2,44.8,1.27,0,8.04,0,6.28,0,0.91,0.03,1.27,0,1.27,0,0.01,16.08,0,0.07,5176.91,49192.07,1147.73,36143.47,0,3500.2,2983.38,3832.99,3457.25,0,0,0,0,87230.30,2434241,324776,346190,0.2,166.93,0.07,0.06,0.07,0.13,4.38,0,0.5,0.05,0,95.06,457445.6,2056810.4,1829133.6,47.07,60333.87,1716482.93,2792660.8,71.86,1598912.8,1570466.4,4495.47,2.96,0,368.01,0,118.18,0.01,2.33,0.13,2.96,0,2.95,0,0.01,736.02,0,0.13,623.03,52051.27,1139.2,38754.93,0,1107.72,528.1,7880.65,35.45,0,0,0,0,0.27,237.8,0.38,0.34,0.27,0.07,6.16,0,1.76,0.01,0,92.07,3439288,4812058.67,3109793.33,39.26,51394.93,1518278.13,5041750.93,63.64,2816312.27,1364878.4,65.6,1.53,0,10.46,0,6.77,0,0.92,0.04,1.53,0,1.53,0,0.01,20.91,0,0.27,2644.08,52338.53,1134.93,39124.2,0,2234.53,2069.04,2001.02,7553.33,0,0,0,0,0.13,238.6,0.26,0.32,0.3,0.2,6.13,0,1.71,0.01,0,92.15,3447300.8,4819033.33,3102818.67,39.17,51395.2,1517034.4,5047081.33,63.71,2815314.67,1363213.33,85.6,1.49,0,9.97,0,6.64,0,0.92,0.04,1.49,0,1.49,0,0.01,19.93,0,0.27,2622.1,52292.87,1126.4,39077.93,0,2198.09,2023.85,1976.53,7462.14,0,0,0,0
Passthrough,2G,100,10240,0,HTTP Request,1516783,0,0,2528.12,39.45,99,25.7,1,674,47,60,70,85,99,395,25878.7,28550.02,98.76,2048,,,100,3925.5,,,99.97,2048,,,99.87,4096,11.941,1049.346,99.87,4096,11.941,1049.346,10.53,1263.93,9.86,9.43,9.12,0,80.72,0,15.76,0.01,0.01,3.51,129658.13,488463.47,3397472.53,87.43,25087.73,531580,4228540,108.82,3046717.07,449139.73,160.53,2.02,0.06,32.51,0,12,0,0.97,0.06,2.02,0.01,2.01,0,0.12,65.03,0,0.89,8918.31,22355.13,1742.93,21845.93,0,13888.83,13740.97,50715.11,46674.3,0,0,0,0,N/A,N/A,N/A,N/A,0.27,178,0.07,0.05,0.01,0.2,1.2,0,2.04,0.01,0,96.75,5269151.47,6434523.73,1487332.27,18.77,49470.4,1318206.93,5047327.2,63.71,1226501.07,1157663.47,32.53,1.33,0,8.4,0,6.31,0,0.91,0.03,1.33,0,1.33,0,0,16.8,0,0.07,6101.14,49204.4,1196.8,36136.2,0,6702.75,6864.88,23177.32,23200.95,0,0,0,0,96631.26,2792314,236553,267099,0,167.13,0.1,0.09,0.08,0.07,3.55,0,0.38,0.03,0,96.03,486286.4,2082014.13,1803929.87,46.42,61460.8,1711605.6,2791762.4,71.84,1571077.33,1566625.87,6183.47,2.59,0,284.88,0,106.02,0,1.43,0.08,2.59,0,2.59,0,0,569.76,0,0.12,464.8,52234.07,1137.07,38921.13,0,848.42,399.71,5900.87,27.02,0,0,0,0,0.27,238,0.51,0.44,0.35,0.07,8.44,0,2.5,0.01,0,89.06,3357191.47,4731492.27,3190359.73,40.27,52310.13,1518842.13,5042402.13,63.65,2907844,1365977.07,100.53,1.65,0,11.14,0,6.71,0,0.92,0.04,1.65,0,1.65,0,0,22.28,0,0.27,3997.54,52336,1141.33,39120.33,0,3717.55,3940.85,11683.63,16844.67,0,0,0,0,0.27,238.13,0.55,0.45,0.35,0.2,8.17,0,2.61,0.01,0,89.22,3361847.2,4734918.13,3186933.87,40.23,52141.6,1517592.27,5047936.53,63.72,2911367.2,1364138.13,58.13,1.5,0,10.3,0,6.82,0,0.92,0.04,1.5,0,1.5,0,0,20.6,0,0.26,3991.85,52290.2,1120,39072.73,0,3720.66,3933.36,11674.53,16806.35,0,0,0,0
Passthrough,2G,100,102400,0,HTTP Request,453026,0,0,755.05,132.21,99,20.04,50,360,143,157,168,182,192,221,75749.22,76481.57,99.27,2048,,,99.99,3925.5,,,99.98,2048,,,99.9,4096,11.551,1614.325,99.9,4096,11.655,1464.418,6,1264.4,5.78,6.18,7.48,0.07,70.09,0,27.39,0,0.01,2.51,121973.07,473663.47,3412272.53,87.81,27619.73,522520.27,4230722.4,108.87,3049375.2,449361.6,138.93,1.88,0.72,25.63,0,10.34,0,0.95,0.05,1.88,0.08,1.8,0,1.45,51.26,0,0.86,16507.17,22514.47,1738.67,21695.2,0,26469.46,23624.86,141987.05,139822.94,0,0,0,0,N/A,N/A,N/A,N/A,0.13,177.27,0.18,0.13,0.05,0.2,1.58,0,3.55,0,0,94.86,5353721.33,6520371.2,1401484.8,17.69,50233.07,1318686.67,5047204,63.71,1160946.4,1158587.73,69.33,1.25,0,7.4,0,5.94,0,0.9,0.03,1.25,0,1.25,0,0,14.8,0,0.07,13424.27,49216.73,1177.6,36130.6,0,11419.74,13128.18,69627.49,69893.98,0,0,0,0,155102.90,6090142,312529,265801,0.2,166.07,0.03,0.03,0.04,0.2,1.42,0,0.17,0.03,0,98.38,593700.53,2134250.67,1751693.33,45.08,62597.07,1655838.4,2791514.67,71.84,1519329.6,1511958.13,914.93,1.88,0,98.07,0,51.85,0,1.3,0.07,1.88,0,1.88,0,0,196.14,0,0.13,210.41,52410.07,1132.8,39083.67,0,264.32,125.71,1820.14,9,0,0,0,0,1.07,237.2,0.63,0.59,0.5,0.13,12.12,0,3.9,0.01,0,83.97,3242187.2,4617831.47,3304020.53,41.71,53092.27,1519397.33,5042910.13,63.66,3038158.67,1366980.53,65.6,1.56,0,10.44,0,6.62,0,0.92,0.04,1.56,0,1.56,0,0,20.89,0,0.13,8397.46,52335.4,1132.8,39118.87,0,6122.56,6790.45,34902.15,37087.13,0,0,0,0,0.47,238.13,0.78,0.71,0.57,0.13,12.27,0,4.46,0.01,0,83.26,3262000,4636339.2,3285512.8,41.48,52904.53,1518082.4,5052155.47,63.78,3028291.47,1365129.6,58.4,1.65,0,11.39,0,6.86,0,0.92,0.04,1.65,0,1.65,0,0,22.78,0,0.27,8469.61,52288.8,1126.4,39070.4,0,6200.88,6810.1,34984.82,37206.5,0,0,0,0
Passthrough,2G,200,50,0,HTTP Request,2032214,0,0,3386.88,58.96,199,50.48,1,836,66,113,161,218,261,455,936.02,4534.59,98.43,2048,,,99.99,4084.5,,,99.97,2048,,,99.85,4096,12.161,733.27,99.85,4096,12.241,613.769,13.2,1266.73,12.57,10.6,8.77,0,87.36,0,11.55,0,0.01,1.08,118452.27,474356.8,3411579.2,87.79,30079.47,524287.47,4232729.6,108.92,2980049.07,521400,168.27,1.76,0.06,22.87,0,11.45,0,0.98,0.05,1.76,0.01,1.75,0,0.12,45.75,0,0.86,8328.24,22681.53,1920,21820.07,0,5852.61,11047.12,4706.52,2405.06,0,0,0,0,N/A,N/A,N/A,N/A,0.13,177.47,0.08,0.08,0.07,0.13,1.11,0,1.34,0,0,97.54,5227457.33,6395118.93,1526737.07,19.27,50861.07,1319026.13,5047455.47,63.72,1281648.53,1159366.13,60.27,1.2,0,7.35,0,6.08,0,0.91,0.02,1.2,0,1.2,0,0,14.69,0,0.07,5170.14,49234.6,1260.8,36231.67,0,5745.59,2922.57,1090.66,602.08,0,0,0,0,79420.78,2295717,313314,336545,0.13,166.73,0.1,0.07,0.02,0.13,4.31,0,0.49,0.05,0,95.15,331077.33,2009059.47,1876884.53,48.3,64023.73,1789885.87,2792982.4,71.88,1639240,1647323.73,4077.87,2.96,0,362.54,0,118.65,0.01,1.88,0.12,2.96,0,2.96,0,0,725.07,0,0.12,615.57,52593.93,1126.4,39253.87,0,1083.05,513.74,7730.38,34.5,0,0,0,0,0.67,287.67,0.41,0.38,0.43,0.2,5.59,0,1.71,0.01,0,92.69,3340099.47,4717133.33,3204718.67,40.46,53938.13,1519898.13,5093704.53,64.3,2909653.6,1368016.8,96.27,1.5,0,10.23,0,6.76,0,0.91,0.04,1.5,0,1.5,0,0,20.47,0,0.18,2679.05,52344.93,1175.47,39176.8,0,2909.43,2011.62,594.71,5959.24,0,0,0,0,0.13,288.67,0.26,0.32,0.44,0.2,6.01,0,1.8,0.01,0,92.18,3359960.27,4735678.67,3186173.33,40.22,53817.87,1518519.47,5099172.53,64.37,2896283.2,1366225.6,79.73,1.39,0,9.41,0,6.76,0,0.92,0.04,1.39,0,1.39,0,0,18.82,0,0.18,2689.7,52295.27,1196.8,39125.2,0,2894.83,1994.13,594.63,5967.88,0,0,0,0
Passthrough,2G,200,1024,0,HTTP Request,1996873,0,0,3328.04,59.99,199,47.56,1,853,69,108,149,201,243,479,4088.55,7627.85,98.43,2048,,,99.99,4084.5,,,99.97,2048,,,99.85,4096,11.87,1152.584,99.85,4096,12.095,827.315,11.94,1263.56,11.55,10.97,10.17,0,84.6,0,11.33,0.02,0.01,4.04,120455.5,494393.25,3391542.75,87.28,31581.5,540802.75,4229844.5,108.85,2963170.5,553561.75,166,3.47,11.62,38.28,0,12.07,0,0.96,0.13,3.47,1.22,2.24,0,23.25,76.56,0,1.31,8121.27,22838.31,1904,21799.12,0,5582.09,10596.81,9791,7592.04,0,0,0,0,N/A,N/A,N/A,N/A,0.19,177.38,0.09,0.09,0.08,0.19,1.13,0,1.37,0,0,97.5,5249899,6418337.5,1503518.5,18.98,51334.5,1319301.5,5047295.25,63.71,1257735.25,1159986.75,66.25,1.24,0,7.4,0,5.99,0,0.91,0.03,1.24,0,1.24,0,0,14.79,0,0.06,5011.21,49253.94,1266,36224.75,0,5479.23,2786.51,3692.22,3229.06,0,0,0,0,80883.46,2348826,345321,348279,0.2,167,0.12,0.1,0.06,0.13,4.06,0,0.47,0.05,0,95.43,391412.27,2086362.93,1799581.07,46.31,65220.27,1805188.8,2792740.8,71.87,1578365.87,1655373.87,6762.67,2.96,0.03,354.06,0,113.97,0.01,1.84,0.11,2.96,0,2.96,0,0.05,708.11,0,0.16,685.83,52777.67,1145.6,39419.07,0,1053.05,507.55,7383.81,34.1,0,0,0,0,0.93,287.8,0.3,0.32,0.36,0.13,6.16,0,2.2,0,0,91.63,3469290.4,4847858.67,3073993.33,38.8,54875.2,1520461.6,5090611.2,64.26,2776606.67,1369182.13,80.53,1.46,0,9.56,0,6.49,0,0.82,0.03,1.46,0,1.46,0,0,19.13,0,0.32,2555.08,52408.6,1179.73,39178.4,0,2819.99,1920.01,1895.97,7018.82,0,0,0,0,0.2,287.67,0.41,0.29,0.31,0.2,6.23,0,1.8,0.01,0,91.96,3451307.47,4828430.93,3093421.07,39.05,54754.13,1518937.6,5099178.4,64.37,2806408.53,1367198.4,73.87,1.59,0,10.62,0,6.6,0,0.92,0.04,1.59,0,1.59,0,0,21.25,0,0.32,2578.72,52294.47,1181.87,39118.07,0,2814.22,1921.32,1896.91,7024.9,0,0,0,0
Passthrough,2G,200,10240,0,HTTP Request,1540575,0,0,2567.67,77.76,199,45.23,1,831,92,116,134,164,207,587,26283.49,28996.59,98.7,2048,,,100,4084.5,,,99.98,2048,,,99.86,4096,12.694,40.305,99.86,4096,13.124,663.266,11.07,1262.67,10.52,10.03,10.13,0,80.5,0.26,16.01,0.01,0.01,3.21,154253.87,474793.87,3411142.13,87.78,28797.87,490641.07,4227588.27,108.79,2969168.27,510380.27,228.27,6.54,360.2,180.4,0,18.71,0.01,0.82,0.31,6.54,3.6,2.94,0,720.39,360.81,0,1.41,8334.39,22180.47,1913.6,22252.6,0,14006.24,14942.72,51050.47,46560.05,0,0,0,0,N/A,N/A,N/A,N/A,0.2,177.4,0.09,0.08,0.08,0.2,1.25,0,2.09,0.01,0,96.65,5263088.53,6432695.47,1489160.53,18.8,51990.67,1319773.33,5047122.67,63.71,1228778.4,1160789.87,156.27,1.31,0,8.26,0,6.3,0,0.91,0.03,1.31,0,1.31,0,0,16.52,0,0.06,6186.95,49269.07,1265.07,36225.33,0,6673.87,6782.62,23055.62,23013.2,0,0,0,0,99152.24,2847144,338493,273266,0.07,167.2,0.09,0.1,0.08,0.2,3.17,0,0.37,0.04,0,96.42,470104.27,2079847.73,1806096.27,46.48,65956,1720090.4,2792534.4,71.86,1699379.2,1452447.47,6161.33,2.59,0,287.32,0,105.41,0.01,1.78,0.1,2.59,0,2.59,0,0,574.64,0,0.13,713.94,52954.4,1122.13,39579.07,0,843.51,409.04,5892.27,27.62,0,0,0,0,0.6,287.47,1.13,0.8,0.54,0.2,8.65,0,2.53,0.01,0,88.81,3320229.87,4700315.73,3221536.27,40.67,55811.2,1521025.6,5095042.93,64.32,2926545.33,1370297.07,144.8,1.65,0,10.79,0,6.48,0,0.93,0.04,1.65,0,1.65,0,0,21.57,0,0.32,3984.78,52413.67,1164.8,39182.8,0,4353.04,4050.44,11727.66,17166.73,0,0,0,0,0.07,288.13,0.6,0.52,0.41,0.2,8.43,0,2.75,0.01,0,88.8,3350204.8,4728767.73,3193084.27,40.31,55643.47,1519473.87,5099726.67,64.38,2902071.73,1368267.47,158.4,1.58,0,10.59,0,6.61,0,0.92,0.04,1.58,0,1.58,0,0,21.18,0,0.32,3945.15,52294.53,1169.07,39117.8,0,4309.07,3998.16,11573.32,16934.3,0,0,0,0
Passthrough,2G,200,102400,0,HTTP Request,433432,0,0,722.3,276.98,200,33.36,72,525,293,317,337,367,385,445,72463.38,73164.49,99.25,2048,,,99.99,3925.5,,,99.98,2048,,,99.88,4096,12.221,644.881,99.89,4096,12.243,612.354,6.47,1264.4,5.73,6.23,7.85,0,69.5,0,27.75,0,0.01,2.74,145238.67,478576.53,3407359.47,87.68,21526.13,513770.4,4232864.8,108.93,2955637.6,524673.33,198.13,1.96,0.78,25.33,0,9.47,0,0.92,0.06,1.96,0.08,1.88,0,1.56,50.67,0,0.86,16623.22,22363.07,1909.33,23035.8,0,25572.94,27474.28,136447.34,135641.14,0,0,0,0,N/A,N/A,N/A,N/A,0.27,177,0.09,0.07,0.06,0.07,1.59,0,3.61,0.01,0,94.79,5332323.47,6503060.8,1418795.2,17.91,52664,1320238.93,5047076,63.71,1177010.4,1161613.6,129.6,1.36,0,7.95,0,5.85,0,0.91,0.03,1.36,0,1.36,0,0,15.89,0,0.07,13053.36,49279.93,1265.07,36212.47,0,12082.76,12823.48,67388.94,68091.82,0,0,0,0,154515.29,5934772,368165,269593,0.13,166.47,0.01,0.03,0.05,0.2,1.34,0,0.16,0.03,0,98.47,612322.67,2170440.53,1715503.47,44.15,67127.47,1667658.67,2791554.13,71.84,1618107.47,1401116.8,1759.47,1.87,0,95.23,0,50.61,0,1.29,0.07,1.87,0,1.87,0,0,190.46,0,0.13,239.3,53131.47,1130.67,39742,0,254.9,121.91,1767.85,8.76,0,0,0,0,0.87,286.8,0.65,0.74,0.77,0.13,12.31,0,4.06,0.01,0,83.61,3237958.13,4619360,3302492,41.69,56585.07,1521581.07,5093643.73,64.3,3032103.2,1371296.8,135.47,1.78,0,11.84,0,6.63,0,0.9,0.04,1.78,0,1.78,0,0,23.69,0,0.18,8276.31,52414.6,1179.73,39182.8,0,7722.74,6491.58,33891.54,35199.75,0,0,0,0,0.2,288.13,0.77,0.74,0.61,0.2,12.23,0,4.61,0.01,0,83.16,3246333.07,4626220.27,3295631.73,41.6,56418.93,1519983.47,5098799.73,64.36,3030541.87,1369260.8,149.87,1.77,0,11.48,0,6.46,0,0.92,0.04,1.77,0,1.77,0,0,22.97,0,0.32,8277.62,52296.87,1181.87,39119.13,0,7766.28,6490.87,33905.92,35192.8,0,0,0,0
Passthrough,2G,500,50,0,HTTP Request,2010776,0,0,3350.58,149.13,499,262.87,1,1455,93,611,915,1023,1079,1223,925.99,4485.98,97.99,2048,,,99.99,4084,,,99.97,2048,,,99.83,4096,13.405,1070.56,99.82,4096,14.39,2497.501,13.88,1224.06,12.07,10.16,8.63,0,85.78,0,10.87,0.02,0.01,3.32,193456.75,490365,3395571,87.38,21436.5,475236.5,4191383.75,107.86,2971647.75,473862,212.25,3.05,9.73,37.23,0,11.3,0,0.96,0.12,3.05,0.92,2.13,0,19.46,74.45,0,1.32,7905.69,22503.75,2436,23616.88,0,5583.65,10753.78,4486.35,2309.15,0,0,0,0,N/A,N/A,N/A,N/A,0.19,177.69,0.07,0.07,0.05,0.19,1.16,0,1.44,0,0,97.39,5260332.5,6432402.25,1489453.75,18.8,53452.75,1320644.5,5038648.25,63.61,1244321.5,1162546.25,139.75,1.38,0,8.25,0,6,0,0.9,0.03,1.38,0,1.38,0,0,16.5,0,0.07,5097.82,49305.19,1490,36490.44,0,5560.86,2781.76,1042.63,572.99,0,0,0,0,82683.52,2398502,389602,347676,0.44,169.25,0.06,0.04,0.01,0.19,3.89,0,0.46,0.04,0,95.61,379222.25,2067941.75,1818002.25,46.78,68090,1795554.25,2794633.25,71.92,1711440.5,1526307,6116.5,2.92,0.05,356.48,0,114.39,0.01,1.85,0.11,2.92,0.01,2.91,0,0.1,712.97,0,0.16,769.28,53235.62,1138,39900.62,0,1051.06,510.41,7366.68,34.27,0,0,0,0,0.19,419.94,0.42,0.45,0.56,0.31,5.6,0,1.74,0.01,0,92.65,3558295,4941104,2980748,37.63,57329.5,1522148.25,4949803.25,62.48,2679202.25,1372243,230.75,1.69,0,10.66,0,6.24,0,0.92,0.04,1.69,0,1.69,0,0,21.3,0,0.47,2583.98,52415.06,1270,39302.06,0,2852.92,1925.11,574.4,5697.7,0,0,0,0,0.56,422.12,0.34,0.42,0.51,0.12,5.95,0,1.76,0.01,0,92.29,3401455.5,4782564.75,3139287.25,39.63,57140.25,1520442.25,5238870.5,66.13,2843848.5,1370187.75,223.25,1.54,0,10.1,0,6.49,0,0.92,0.04,1.54,0,1.54,0,0,20.2,0,0.46,2590.8,52296.5,1304,39239.5,0,2841.05,1913.54,571.22,5664.53,0,0,0,0
Passthrough,2G,500,1024,0,HTTP Request,1982084,0,0,3302.96,151.29,499,110.1,1,1197,174,257,359,535,639,875,4057.74,7570.36,98.12,2048,,,99.99,4084,,,99.97,2048,,,99.82,4096,13.635,1403.607,99.83,4096,13.38,1033.79,13.62,1265.56,12.37,11.73,10.69,0,84.02,0,11.12,0.01,0.01,4.84,131995.25,492858,3393078,87.32,22632.25,537586.5,4235653.75,109,2994233.25,506049.75,190.75,2.24,2,33.01,0,11.92,0,0.98,0.07,2.24,0.13,2.11,0,3.99,66.02,0,1.3,7249.05,22591,2478,23602.38,0,5545.89,11045.44,9717.93,7573.84,0,0,0,0,N/A,N/A,N/A,N/A,0.4,177.67,0.05,0.03,0.01,0.13,1.21,0,1.49,0,0,97.3,5268426.13,6441560.8,1480295.2,18.69,54172.53,1320929.33,5048038.67,63.72,1235083.73,1163423.47,145.6,1.26,0,7.4,0,5.87,0,0.9,0.02,1.26,0,1.26,0,0,14.79,0,0.07,5038.6,49319.33,1565.87,36527.33,0,5569.39,2786.17,3695.63,3227.99,0,0,0,0,83841.35,2345738,367755,335801,0.4,169.07,0.12,0.11,0.06,0.2,3.92,0,0.46,0.05,0,95.57,387004,2013058.13,1872885.87,48.2,64396.53,1737228,2793169.33,71.88,1825218.4,1410965.6,3777.33,2.96,0,365.49,0,117.34,0.01,1.87,0.11,2.96,0,2.96,0,0,730.97,0,0.13,838.87,52289.4,1122.13,39928.33,0,1045.45,512.37,7387.46,34.41,0,0,0,0,1.07,437.13,0.29,0.28,0.35,0.13,6.44,0,1.92,0.01,0,91.63,3386429.07,4770595.47,3151256.53,39.78,58029.33,1522760,5249400.53,66.27,2846396.27,1372991.47,160.53,1.6,0,10.38,0,6.4,0,0.91,0.04,1.6,0,1.6,0,0,20.75,0,0.49,2625.2,52414.33,1312,39320.13,0,3054.78,1929.74,1920.09,7063.49,0,0,0,0,0.2,437.87,0.38,0.34,0.38,0.2,6.36,0,1.91,0.01,0,91.73,3371306.67,4753930.93,3167921.07,39.99,57927.47,1521126.67,5254636.27,66.33,2871756.27,1371025.6,139.2,1.66,0,11.05,0,6.59,0,0.93,0.04,1.66,0,1.66,0,0,22.1,0,0.49,2621.7,52304.2,1312,39263.6,0,3019.31,1908.63,1898.97,6987.46,0,0,0,0
Passthrough,2G,500,10240,0,HTTP Request,1522632,0,0,2537.23,196.93,499,77.84,9,1033,228,273,305,369,527,803,25971.91,28652.85,98.48,2048,,,99.99,3925.5,,,99.97,2048,,,99.84,4096,14.474,2618.416,99.85,4096,14.415,2534.271,12.8,1264.53,10.61,10.16,10.43,0,80.09,0,16.94,0.01,0.01,2.94,168483.2,480242.67,3405693.33,87.64,23597.6,487520.53,4236933.33,109.03,2978334.93,474215.2,210.93,2.21,0.05,33.42,0,11.42,0,1.02,0.06,2.21,0.01,2.2,0,0.1,66.83,0,0.86,7884.77,22719.13,2487.47,23617.67,0,14760.16,15449.84,48608.75,46432.85,0,0,0,0,N/A,N/A,N/A,N/A,0,177.93,0.12,0.09,0.03,0.2,1.28,0,2.13,0.01,0,96.59,5257630.13,6432297.33,1489558.67,18.8,54914.4,1321730.13,5047886.13,63.72,1228369.33,1164331.73,153.87,1.41,0.03,8.55,0,6.04,0,0.91,0.03,1.41,0,1.41,0,0.05,17.11,0,0.1,6248.23,49339.53,1533.87,36512.2,0,6657.67,6648.96,23000.26,22790.92,0,0,0,0,97347.58,2852709,356614,268557,0.07,168.67,0.09,0.08,0.08,0.2,3.23,0,0.38,0.04,0,96.34,412255.73,2052189.6,1833754.4,47.19,65650.4,1749527.2,2793693.6,71.89,1781203.2,1424417.6,5357.07,2.75,0,295.81,0,103.77,0.01,1.76,0.1,2.75,0,2.75,0,0,591.62,0,0.13,748.14,52468.73,1126.4,40094.53,0,834.32,409.83,5877.07,27.67,0,0,0,0,0.27,436.8,0.84,0.6,0.44,0.07,8.63,0,2.69,0.01,0,88.68,3219008.8,4604696.27,3317155.73,41.87,58911.2,1523408.8,5248063.47,66.25,3005573.6,1374047.73,173.07,1.77,0,11.46,0,6.43,0,0.92,0.04,1.77,0,1.77,0,0,22.92,0,0.49,3907.82,52417.73,1326.93,39326.53,0,4598.02,4471.24,11625.27,15960.67,0,0,0,0,0.33,438,0.93,0.71,0.54,0.2,8.78,0,2.89,0.01,0,88.32,3224485.6,4608629.6,3313222.4,41.82,58806.93,1521754.13,5254611.73,66.33,3003979.47,1372081.33,137.87,1.74,0,11.61,0,6.61,0,0.91,0.04,1.74,0,1.74,0,0,23.22,0,0.49,3908.56,52301.87,1333.33,39264.73,0,4602.93,4474.12,11636.88,15967.68,0,0,0,0
Passthrough,2G,500,102400,0,HTTP Request,453233,0,0,754.78,662.21,499,57.85,477,1120,683,727,779,847,867,947,75722.3,76454.97,99.12,2048,,,100,3925.5,,,99.98,2048,,,99.81,4096,14.318,2392.849,99.82,4096,14.298,2363.858,5.53,1266.27,5.83,6.39,8.12,0,69.59,0,28.34,0,0.01,2.06,144521.6,432063.2,3453872.8,88.88,24079.2,462858.93,4240901.07,109.13,3057312,396093.87,191.73,1.75,0.79,17.14,0,9.03,0,0.94,0.05,1.75,0.02,1.73,0,1.58,34.28,0,0.86,17137.36,22856.6,2442.67,23557.6,0,30215.88,29145.95,142039.45,140766.38,0,0,0,0,N/A,N/A,N/A,N/A,0.27,176.67,0.2,0.15,0.08,0.2,1.72,0,3.86,0.01,0,94.41,5309784,6485724.8,1436131.2,18.13,55577.6,1322342.4,5047596,63.72,1194508.27,1165168.8,151.73,1.3,0,7.69,0,5.89,0,0.91,0.03,1.3,0,1.3,0,0,15.38,0,0.07,13308.93,49362.73,1489.07,36456.13,0,12568.07,13426.77,69999.12,70908.31,0,0,0,0,161935.87,6000983,400395,278241,0.13,166.33,0.05,0.06,0.07,0.2,1.41,0,0.17,0.03,0,98.39,565194.67,2155101.07,1730842.93,44.54,66914.4,1698483.2,2792637.87,71.87,1688140.53,1374491.73,1013.07,1.93,0,101.12,0,51.71,0,1.3,0.07,1.93,0,1.93,0,0,202.24,0,0.12,244.97,52647,1126.4,40256.73,0,265.42,125.88,1833.93,9.03,0,0,0,0,1,436.87,0.94,0.77,0.63,0.07,12.27,0,4.51,0.01,0,83.2,3187372.27,4574645.33,3347206.67,42.25,59774.93,1524148.8,5247387.73,66.24,3058519.73,1375142.4,136.27,1.64,0,10.74,0,6.5,0,0.92,0.04,1.64,0,1.64,0,0,21.47,0,0.35,8595.24,52419.27,1318.4,39327.33,0,8388.66,8515.97,35126.97,36648.76,0,0,0,0,0.67,437.87,0.76,0.77,0.71,0.13,13.04,0,5.2,0.01,0,81.75,3118898.67,4504491.47,3417360.53,43.14,59657.33,1522372.27,5255241.87,66.34,3103058.93,1373159.73,123.73,1.77,0,11.59,0,6.53,0,0.92,0.04,1.77,0,1.77,0,0,23.17,0,0.49,8631.23,52307.67,1344,39269.93,0,8311.84,8537.84,35269.63,36761.51,0,0,0,0
Passthrough,2G,1000,50,0,HTTP Request,1934510,0,0,3222.41,310.15,999,244.97,5,2039,321,523,943,1231,1327,1511,890.57,4314.37,97.36,2048,,,99.99,4082.5,,,99.97,2048,,,99.79,4096,16.341,5322.393,99.82,4096,15.1,3524.927,15.13,1266.47,12.79,10.82,9.09,0,88.18,0,11.08,0,0.01,0.74,123822.93,459681.07,3426254.93,88.17,25932.27,508773.6,4242778.4,109.18,2984782.4,515637.07,219.47,1.82,0.27,17.93,0,8.65,0,0.96,0.05,1.82,0.03,1.79,0,0.53,35.87,0,0.86,7384.1,22992.13,3494.4,24622.87,0,5725.77,11425.9,4595.54,2402.53,0,0,0,0,N/A,N/A,N/A,N/A,0,177.4,0.07,0.08,0.08,0.2,1.23,0,1.51,0.01,0,97.25,5209997.07,6387071.47,1534784.53,19.37,56104.27,1322631.2,5048444,63.73,1290417.87,1165845.87,156.8,1.3,0,7.36,0,5.65,0,0.9,0.03,1.3,0,1.3,0,0,14.72,0,0.06,5187.07,49379.4,2022.4,37018.6,0,5705.54,2854.54,1069.55,587.82,0,0,0,0,81629.68,2302925,362229,301371,0.13,167.8,0.04,0.03,0.01,0.13,4.17,0,0.51,0.05,0,95.27,283005.6,2000829.6,1885114.4,48.51,68149.07,1823705.87,2792866.93,71.87,1828752,1499397.07,4301.87,3.03,0,363.21,0,116.89,0.01,1.91,0.12,3.03,0,3.03,0,0,726.41,0,0.12,772.96,52829.6,1143.47,40425.93,0,1070.88,521.09,7560.89,34.99,0,0,0,0,0.27,686.73,0.2,0.34,0.51,0.13,5.64,0,1.76,0.01,0,92.59,3158631.73,4547665.87,3374186.13,42.59,60594.93,1524926.67,5502768,69.46,3056226.67,1376174.93,155.47,1.5,0,9.27,0,6.16,0,0.92,0.03,1.5,0,1.5,0,0,18.64,0,0.62,2979.28,52417.93,1559.47,39576.53,0,3115.79,1966.73,601.49,5826.22,0,0,0,0,0.53,687.13,0.36,0.37,0.5,0.2,6.14,0,1.83,0.01,0,92.03,3152021.07,4539049.6,3382802.4,42.7,60534.67,1522754.4,5512376,69.58,3065756.27,1374249.87,142.67,1.64,0,10.3,0,6.2,0,0.91,0.04,1.64,0,1.64,0,0,20.6,0,0.63,2990.43,52307.27,1578.67,39520.33,0,3117.43,1968.66,602.01,5833.41,0,0,0,0
Passthrough,2G,1000,1024,0,HTTP Request,1858068,0,0,3094.83,323.01,999,250.69,1,1876,335,535,971,1279,1375,1551,3802.05,7093.33,97.43,2048,,,99.99,4082.5,,,99.97,2048,,,99.82,4096,14.814,3110.563,99.81,4096,15.977,4794.891,12.62,1263.69,12.42,11.74,10.77,0,84.93,0,10.85,0.01,0.01,4.2,129026.25,453943.25,3431992.75,88.32,27161.5,496815,4239030.75,109.09,2988213.5,504919.75,188.5,2.35,1.8,33.75,0,10.3,0,0.95,0.09,2.35,0.19,2.16,0,3.59,67.5,0,1.3,7245.08,23144.25,3348,24472.81,0,5258.55,10477.51,9198.52,7178.06,0,0,0,0,N/A,N/A,N/A,N/A,0.06,176.81,0.13,0.09,0.08,0.19,1.1,0,1.37,0.01,0,97.52,5251152.5,6429155,1492701,18.84,56614.75,1323033.75,5048362.5,63.73,1249310.5,1166504.75,158.25,1.34,0,7.46,0,5.57,0,0.9,0.02,1.34,0,1.34,0,0,14.92,0,0.07,4756.14,49387.75,1972,36959.94,0,5228.9,2615.9,3468.38,3029.48,0,0,0,0,77722.50,2235674,331101,274739,0.27,168.87,0.08,0.08,0.02,0.2,3.92,0,0.44,0.05,0,95.59,422257.33,2076761.87,1809182.13,46.56,69390.93,1759638.4,2793692.27,71.89,1768575.47,1430667.47,6401.07,2.95,0,343.55,0,110.2,0.01,1.81,0.12,2.95,0,2.95,0,0,687.1,0,0.13,664.29,53002.4,1132.8,40586.53,0,983.35,480.15,6944.85,32.33,0,0,0,0,0.27,688.4,0.47,0.4,0.39,0.2,6,0,1.72,0.01,0,92.27,3316954.13,4707165.6,3214686.4,40.58,61390.4,1525291.73,5502166.93,69.46,2902525.07,1376992.8,158.13,1.76,0,11.08,0,6.26,0,0.91,0.04,1.76,0,1.76,0,0,22.16,0,0.76,2616.85,52427.67,1553.07,39560.67,0,2869.3,1811.12,1803.29,6617.27,0,0,0,0,0.13,688.4,0.36,0.37,0.4,0.13,6.18,0,1.79,0.01,0,92.02,3290558.93,4679267.2,3242584.8,40.93,61357.07,1523583.47,5511755.2,69.58,2923777.07,1375090.93,144.27,1.7,0,10.82,0,6.33,0,0.91,0.04,1.7,0,1.7,0,0,21.63,0,0.76,2612.02,52309.4,1557.33,39496.4,0,2851.87,1800.24,1792.4,6578.36,0,0,0,0
Passthrough,2G,1000,10240,0,HTTP Request,1455024,0,0,2423.52,412.68,1000,121.06,3,1494,475,551,615,731,827,1079,24807.92,27368.7,98.01,2048,,,99.99,3925.5,,,99.97,2048,,,99.81,4096,17.939,7636.046,99.8,4096,18.06,7811.409,10.12,1265.38,10.48,10.29,10.53,0,78.34,0,16.49,0.01,0.01,5.15,141387.25,464209.25,3421726.75,88.05,28687,493066,4238568.25,109.08,2991736,479088,168.25,2.49,1.4,35.49,0,11.09,0,0.97,0.08,2.49,0.13,2.36,0,2.81,70.98,0,1.3,7560.7,23277.75,3344,24522.56,0,14438.56,14517.35,45109.08,43414.91,0,0,0,0,N/A,N/A,N/A,N/A,0.33,177.6,0.12,0.12,0.1,0.13,1.25,0,2.04,0,0,96.7,5274606.93,6453926.93,1467929.07,18.53,57300.53,1323731.73,5048221.6,63.73,1212631.73,1167331.73,160.27,1.4,0,8.59,0,6.1,0,0.91,0.03,1.4,0,1.4,0,0,17.16,0,0.07,5946.87,49414.07,1971.2,36928.6,0,6278.83,6268.62,21691.27,21489.45,0,0,0,0,94848.94,2780974,365826,270237,0.2,169.33,0.1,0.08,0.02,0.13,3.24,0,0.37,0.04,0,96.35,388923.47,2059551.47,1826392.53,47,70715.73,1774073.87,2794169.33,71.91,1777333.6,1446144.8,2778.93,2.67,0,282.37,0,101.2,0.01,1.56,0.09,2.67,0,2.67,0,0,564.75,0,0.13,628.73,53175.27,1124.27,40745.67,0,788.41,386.57,5549.97,26.16,0,0,0,0,0.2,687.4,0.62,0.56,0.48,0.13,8.25,0,2.43,0.01,0,89.31,3187650.93,4579396.8,3342455.2,42.19,62274.67,1525917.87,5503241.07,69.47,3025449.6,1378054.4,156.53,1.68,0,10.7,0,6.29,0,0.91,0.04,1.68,0,1.68,0,0,21.4,0,0.77,3911.39,52428.93,1557.33,39564,0,4354.56,4519.6,10925.94,14829.76,0,0,0,0,0.13,688.27,0.87,0.69,0.5,0.2,8.33,0,2.67,0.01,0,88.98,3202985.07,4593142.67,3328709.33,42.02,62312.27,1524067.47,5510362.67,69.56,3010700.27,1376220.53,174.4,1.83,0,12.14,0,6.6,0,0.92,0.05,1.83,0,1.83,0,0,24.29,0,0.77,3962.42,52313.47,1563.73,39502.4,0,4397.73,4563.06,11036.95,14982.43,0,0,0,0
Passthrough,2G,1000,102400,0,HTTP Request,401374,0,0,667.96,1494.67,998,118.83,800,2239,1535,1623,1743,1887,1943,2047,67011.5,67659.88,99,2048,,,99.99,3925.5,,,99.98,2048,,,99.74,4096,17.767,7386.437,99.75,4096,17.791,7422.5,5.87,1265.2,5.82,6.37,8.12,0,69.67,0,27.71,0.01,0.01,2.6,134974.67,423800.53,3462135.47,89.09,29578.93,458212.8,4240662.13,109.13,2941603.2,486595.2,192,2.2,0.01,32.79,0,11.31,0,0.97,0.07,2.2,0,2.2,0,0.02,65.58,0,0.88,15514.26,23427.8,3321.6,24491.8,0,28448.89,25980.91,126572.33,125250.47,0,0,0,0,N/A,N/A,N/A,N/A,0.33,178,0.14,0.12,0.09,0.13,1.58,0,3.53,0.01,0,94.88,5296660,6477106.67,1444749.33,18.24,58034.4,1324148,5048738.4,63.73,1203031.47,1168221.6,155.73,1.32,0,7.55,0,5.74,0,0.91,0.03,1.32,0,1.32,0,0,15.09,0,0.07,12263.58,49429.4,1866.67,36840.67,0,11181.52,12403.15,62224.24,62985.25,0,0,0,0,147213.65,5571209,332294,287770,0.2,166.47,0.04,0.06,0.05,0.2,1.21,0,0.15,0.03,0,98.62,514786.93,2142546.13,1743397.87,44.86,71657.6,1730335.73,2792713.87,71.87,1697021.33,1403112.53,1748,1.82,0,89.67,0,48.38,0,1.28,0.07,1.82,0,1.82,0,0,179.35,0,0.12,259.15,53363.4,1145.6,40917.07,0,238.53,114.75,1629.44,8.32,0,0,0,0,0.87,687.87,0.58,0.54,0.53,0.2,10.87,0,3.97,0.01,0,85.14,3092152,4485186.4,3436665.6,43.38,63059.2,1526403.47,5503360.8,69.47,3134385.6,1379063.73,150.93,1.87,0,12.31,0,6.62,0,0.92,0.04,1.87,0,1.87,0,0,24.63,0,0.63,7838.88,52427.67,1578.67,39570,0,7487.23,8118.73,31248.65,32725.71,0,0,0,0,0.6,687.87,0.82,0.75,0.68,0.07,11.94,0,4.73,0.01,0,83.31,3075758.13,4467598.13,3454253.87,43.6,63326.4,1524727.73,5511431.2,69.57,3151792.27,1377457.6,92.27,1.8,0,11.89,0,6.57,0,0.92,0.04,1.8,0,1.8,0,0,23.78,0,0.76,7853.35,52310.87,1561.6,39506.93,0,7403.25,8141.35,31348.5,32804.2,0,0,0,0
Transformation,2G,100,50,0,HTTP Request,1543892,0,0,2573.27,38.78,99,42.44,1,1128,42,70,101,148,182,571,753.89,3457.83,98.07,2048,,,100,3925.5,,,99.98,2048,,,99.89,4096,11.303,1975.656,99.89,4096,11.635,1492.702,13.33,1266.53,12.77,10.47,8.85,0,88.76,0,9.69,0,0.01,1.53,127609.6,482950.4,3402985.6,87.57,31339.2,531518.4,4242180.53,109.17,2942991.47,561533.6,208.53,1.87,1.05,23.55,0,10.29,0,0.93,0.05,1.87,0.07,1.8,0,2.1,47.09,0,0.86,8540.6,23548,1747.2,22890.67,0,4555.3,6907.18,3674.3,1799.8,0,0,0,0,N/A,N/A,N/A,N/A,0.13,177.13,0.06,0.05,0.06,0.2,0.89,0,0.88,0.01,0,98.23,5234646.93,6416037.33,1505818.67,19.01,58746.93,1324557.87,5047596,63.72,1259381.07,1169084.53,145.6,1.36,0,8.07,0,5.93,0,0.9,0.03,1.36,0,1.36,0,0,16.15,0,0.07,3988.84,49444.07,1194.67,36131.93,0,3478.15,2274.96,798.5,468.67,0,0,0,0,60416.88,1776900,119399,270046,0.2,166.67,0.05,0.03,0.01,0.2,3.69,0,0.33,0.04,0,95.93,291826.13,2029497.33,1856446.67,47.77,72497.07,1838222.13,2791725.33,71.84,1813014.93,1506801.33,3116.53,2.75,0,291.54,0,103.31,0.01,1.75,0.11,2.75,0,2.75,0,0,583.09,0,0.12,346.01,53542.07,1145.6,41081.73,0,864.01,407.02,6099.38,27.5,0,0,0,0,0.07,236.93,0.27,0.3,0.4,0.2,4.28,0,1.35,0.01,0,94.36,3382993.87,4777392,3144460,39.69,64056.53,1526845.87,5041573.07,63.64,2867843.2,1380193.33,168.27,1.62,0,9.9,0,6.15,0,0.91,0.04,1.62,0,1.62,0,0,19.8,0,0.12,2126.75,52424.07,1149.87,39126.2,0,1914.57,1566.21,463.3,4680.51,0,0,0,0,0.07,237.87,0.11,0.22,0.42,0.13,4.42,0,1.25,0.01,0,94.32,3414141.87,4807320.27,3114531.73,39.31,64230.13,1525237.07,5052101.33,63.77,2839857.33,1378494.93,111.47,1.65,0,10.19,0,6.16,0,0.91,0.04,1.65,0,1.65,0,0,20.38,0,0.13,2180.85,52316.73,1147.73,39072.8,0,1916.26,1573.52,465.11,4703.09,0,0,0,0
Transformation,2G,100,1024,0,HTTP Request,1260691,0,0,2101.22,47.5,99,51.37,1,1098,55,87,115,158,199,683,2616.27,4826.24,98.09,2048,,,100,3925.5,,,99.98,2048,,,99.9,4096,11.418,1807.365,99.91,4096,11.305,1970.707,14,1264.06,13.8,12.64,11.16,0,88.07,0,7.88,0.01,0.01,4.03,128221,458571.25,3427364.75,88.2,32689,497384,4241573.75,109.15,2993750.75,506836.75,195,2.17,0.49,38.31,0,13.62,0,0.97,0.07,2.17,0.06,2.11,0,0.98,76.62,0,1.31,7584.88,23649.31,1718,22861.31,0,3515.05,6226.68,6168.78,4774.88,0,0,0,0,N/A,N/A,N/A,N/A,0.12,177.56,0.04,0.03,0.01,0.12,0.74,0,0.76,0.01,0,98.5,5307296,6489524.75,1432331.25,18.08,59326.5,1324833.25,5047271,63.71,1186261.75,1169816.75,134.25,1.37,0,7.84,0,5.72,0,0.9,0.03,1.37,0,1.37,0,0,15.68,0,0.06,3131.61,49462.06,1172,36129,0,3293.09,1750.08,2311.3,2027.94,0,0,0,0,54695.92,1460005,199143,270339,0.13,166.07,0.13,0.09,0.03,0.2,2.85,0,0.31,0.04,0,96.81,446188.27,2092090.67,1793853.33,46.16,73177.07,1746649.6,2792520.27,71.86,1827010.67,1346275.47,4714.93,2.43,0,230.11,0,90.01,0,1.63,0.09,2.43,0,2.43,0,0,460.22,0,0.12,331.67,53718.73,1141.33,41244.87,0,664.03,313.14,4680.77,21.33,0,0,0,0,0.07,237.53,0.17,0.19,0.26,0.13,3.68,0,1.11,0.01,0,95.2,3493036.53,4888815.73,3033036.27,38.29,64906.4,1527403.73,5038766.93,63.61,2753774.67,1381058.4,154.93,1.71,0,10.58,0,6.17,0,0.86,0.04,1.71,0,1.71,0,0,21.16,0,0.27,1655.08,52428.73,1132.8,39126.87,0,1615.61,1204.92,1194.63,4432.45,0,0,0,0,0,232.81,0.35,0.28,0.27,0.19,3.86,0.07,1.08,0.01,0,94.98,3644814.75,5039897.75,2881954.25,36.38,65062,1526263,4763674,60.13,2590647,1380042.5,7964.5,2.82,0.25,280.42,0,29.97,0,1.1,0.07,2.82,0.01,2.81,0,0.5,560.83,0,0.68,1674.34,52341.38,1118,39068.25,0,1618.53,1205.49,1195.3,4433.81,0,0,0,0
Transformation,2G,100,10240,0,HTTP Request,442901,0,0,738.2,135.35,99,144.49,2,3094,157,215,265,373,959,1655,7568.75,8340.12,98.19,2048,,,0,3925.5,,,99.98,2048,,,99.94,4096,11.918,1083.288,99.94,4096,11.91,1094.601,19.47,1263.07,18.62,16.54,14.15,0,91.39,0,5.13,0.01,0.01,3.47,130462.13,416272.27,3469663.73,89.29,33654.67,451870.93,4238710.93,109.08,3015100.27,481941.87,209.33,1.98,0.23,32.89,0,12.42,0,0.96,0.05,1.98,0.03,1.95,0,0.46,65.77,0,0.96,5122.91,23745.47,1719.47,22844.53,0,4022.39,4474.19,14553.36,13676.58,0,0,0,0,N/A,N/A,N/A,N/A,0.13,177.87,0.06,0.06,0.01,0.13,0.39,0,0.45,0.01,0,99.15,5476807.2,6659918.93,1261937.07,15.93,59923.47,1325106.93,5047199.73,63.71,1011296.53,1170559.73,157.07,1.38,0,7.89,0,5.75,0,0.91,0.03,1.38,0,1.38,0,0,15.78,0,0.07,1820.23,49475.07,1177.6,36125.93,0,1960.23,1978.8,6772.55,6740.34,0,0,0,0,36254.20,823048,96228,245183,0.07,166.2,0.02,0.02,0.01,0.2,1.36,0,0.15,0.03,0,98.47,516702.13,2142669.33,1743274.67,44.86,73998.4,1725833.33,2790448.53,71.81,1765324.8,1326158.4,1454.13,1.87,0,93.85,0,49.67,0,1.29,0.07,1.87,0,1.87,0,0,187.7,0,0.12,159.59,53895.4,1141.33,41407.27,0,249.38,115.45,1750.86,8.35,0,0,0,0,0,237.4,0.19,0.15,0.17,0.2,2.75,0,0.71,0.01,0,96.52,3471606.93,4868696,3053156,38.54,65666.93,1527934.67,5042726.4,63.66,2778208,1381970.13,163.2,1.79,0,11.06,0,6.17,0,0.92,0.05,1.79,0,1.79,0,0,22.13,0,0.27,1222.25,52434.67,1147.73,39131.6,0,1311.45,1145.2,3428.95,4820.12,0,0,0,0,0.2,238.4,0.29,0.31,0.3,0.13,2.77,0,0.79,0.01,0,96.43,3463108.53,4860668.8,3061183.2,38.64,65814.93,1527923.73,5046581.87,63.71,2774863.2,1382108.27,153.6,1.63,0,10.04,0,6.1,0,0.91,0.04,1.63,0,1.63,0,0,20.08,0,0.26,1215.3,52392.53,1107.2,39086.47,0,1311.56,1142.25,3427.14,4808.77,0,0,0,0
Transformation,2G,100,102400,0,HTTP Request,54043,0,0,89.99,1110.75,99,164.66,327,2760,1199,1303,1375,1471,1551,2351,9033.7,9116.33,94.95,2048,329,0,,,,,99.99,2048,,,99.96,4096,11.521,1657.458,99.96,4096,11.549,1617.86,30.2,1266.13,29.71,25.33,20.49,0.07,94.01,0,4.19,0,0.01,1.78,129300.27,177794.67,3708141.33,95.42,32844.27,216094.93,4239510.13,109.1,3259528.27,240955.47,214.4,1.89,0.91,26.94,0,11.82,0,0.96,0.05,1.89,0.06,1.82,0,1.82,53.89,0,0.85,5368.14,22897.47,1700.27,22968.27,0,3788.12,3448.6,17723.37,17326.45,0,0,0,0,N/A,N/A,N/A,N/A,0.13,177.27,0,0.01,0,0.2,0.29,0,0.34,0.01,0,99.36,5932244.8,7116695.2,805160.8,10.16,60635.2,1325724.27,5047003.2,63.71,565506.67,1171426.4,153.33,1.31,0,7.4,0,5.63,0,0.9,0.03,1.31,0,1.31,0,0,14.8,0,0.07,1614.44,49498.73,1124.27,36104.8,0,1539.53,1674.37,8619.9,8658.62,0,0,0,0,27345.99,705385,44846,102688,0.13,166.8,0.01,0,0,0.2,0.52,0,0.06,0.02,0,99.4,1175400,2798355.73,1087588.27,27.99,74800.8,1721618.13,2790467.47,71.81,1110723.47,1322603.47,325.33,1.51,0,20.01,0,13.28,0,0.97,0.05,1.51,0,1.51,0,0,40.03,0,0.12,106.15,54074.07,1130.67,41571.67,0,34.26,16.37,228.38,1.83,0,0,0,0,0,236.73,0.1,0.09,0.1,0.2,1.64,0,0.49,0.01,0,97.86,3464017.07,4862212,3059640,38.62,66328,1528356.53,5040885.87,63.63,2798396.27,1382777.07,160.8,1.73,0,10.4,0,6,0,0.91,0.04,1.73,0,1.73,0,0,20.81,0,0.12,1209.53,52430.07,1120,39126.13,0,940.12,1068.19,4303.49,4675.85,0,0,0,0,0.33,237.33,0.17,0.15,0.18,0.13,1.75,0,0.48,0.01,0,97.76,3440157.6,4838540.27,3083311.73,38.92,66357.87,1528221.33,5046904.8,63.71,2807218.4,1382798.13,160.27,1.67,0,10.39,0,6.17,0,0.91,0.04,1.67,0,1.67,0,0,20.78,0,0.13,1222.72,52387.87,1149.87,39080.93,0,978.95,1074.51,4363.54,4674.59,0,0,0,0
Transformation,2G,200,50,0,HTTP Request,1674183,0,0,2790.17,71.59,199,69.63,1,1040,82,140,198,293,377,639,817.43,3749.28,97.81,2048,,,100,4084.5,,,99.97,2048,,,99.85,4096,13.624,1387.344,99.87,4096,12.133,770.746,12.75,1264.62,12.79,15.58,18.72,0,86.38,0,9.17,0.05,0.01,4.38,120892.25,479604.25,3406331.75,87.66,35492,523730.75,4242025.25,109.16,2984928.25,530086.5,206.5,5.52,39,42.25,0,11.27,0,0.91,0.21,5.52,2.87,2.65,0,78,84.49,0,1.41,8042.48,23951.56,1920,23221.81,0,4681.18,8871.32,3775.39,1962.55,0,0,0,0,N/A,N/A,N/A,N/A,0.4,178.33,0.11,0.07,0.03,0.13,1,0,1.12,0.01,0,97.87,5261034.4,6447364.8,1474491.2,18.61,61317.07,1326889.6,5047771.73,63.72,1226814.93,1172929.6,169.87,1.52,0.33,12.53,0,7.73,0,0.91,0.03,1.52,0.03,1.49,0,0.66,25,0,0.14,4030.36,49582.87,1258.67,36245.27,0,4589.05,2341.34,873,482.31,0,0,0,0,69685.40,1879562,284587,273369,0.6,168.07,0.05,0.03,0,0.13,3.72,0,0.4,0.05,0,95.84,327984.27,2074606.93,1811337.07,46.61,75333.07,1843600.27,2793502.67,71.89,1845406.13,1444486.93,4711.47,3.08,3.25,311.56,0,98.35,0.01,1.72,0.11,3.08,0.1,2.98,0,6.51,623.12,0,0.21,466.25,54320.8,1154.13,41754.53,0,886.07,424.81,6289.65,28.67,0,0,0,0,0.6,288.2,0.35,0.27,0.16,0.13,4.84,0,1.59,0.01,0,93.57,3475212.53,4875199.73,3046652.27,38.46,66905.87,1529545.87,5091243.47,64.27,2764313.33,1384145.87,196.53,1.95,0.32,15.86,0,8.02,0,0.93,0.04,1.95,0.03,1.92,0,0.65,31.72,0,0.4,2135.7,52494.53,1177.6,39194,0,2361.23,1605.88,496.26,4807.86,0,0,0,0,0.47,289.8,0.23,0.17,0.14,0.2,4.87,0,1.42,0.01,0,93.7,3464591.47,4864908.27,3056943.73,38.59,66816,1529664.27,5099578.93,64.37,2755057.87,1384049.33,202.67,1.76,0.32,14.62,0,7.99,0,0.92,0.04,1.76,0.03,1.73,0,0.65,29.25,0,0.4,2167.55,52456.87,1186.13,39153.27,0,2375.99,1619.18,500.18,4849.27,0,0,0,0
Transformation,2G,200,1024,0,HTTP Request,1361583,0,0,2269.15,88.04,199,76.18,1,1739,105,159,204,277,391,791,2825.35,5211.95,97.75,2048,,,100,3925.5,,,99.98,2048,,,99.89,4096,11.784,1277.035,99.89,4096,12.006,956.008,15.33,1264.47,14.28,12.94,14.39,0.07,88.6,0,8.13,0.01,0.01,3.25,190034.13,473108.8,3412827.2,87.82,34496,449074.13,4239550.67,109.1,3003899.2,441066.67,200.8,2.14,0,33.03,0,11.67,0,0.97,0.06,2.14,0,2.14,0,0,66.06,0,0.86,7550.65,24135.27,1939.2,23319.8,0,3951.19,7732.29,6942.96,5428.15,0,0,0,0,N/A,N/A,N/A,N/A,0.27,177.53,0.04,0.04,0.02,0.2,0.85,0,0.91,0,0,98.23,5270207.47,6461298.93,1460557.07,18.44,62052.27,1330860.53,5047570.13,63.72,1219550.4,1176985.07,161.87,1.32,0,7.45,0,5.65,0,0.9,0.03,1.32,0,1.32,0,0,14.9,0,0.07,3440.16,49641.33,1252.27,36258.4,0,3928.97,1973.22,2616.77,2286.33,0,0,0,0,61608.73,1560813,239730,267708,0,166.47,0.09,0.08,0.02,0.2,3.04,0,0.33,0.04,0,96.59,346659.2,2044567.73,1841376.27,47.38,75482.93,1795151.73,2792521.87,71.86,1873600.53,1395285.07,1943.2,2.67,0,268.08,0,97.39,0.01,1.69,0.1,2.67,0,2.67,0,0,536.16,0,0.13,486.93,54569.07,1139.2,41934.8,0,749.01,359.96,5306.07,24.39,0,0,0,0,0.2,286.93,0.32,0.28,0.22,0.13,4.35,0,1.25,0.01,0,94.4,3460555.47,4865125.07,3056726.93,38.59,67423.47,1533546.13,5095427.73,64.32,2776978.67,1388088.53,152.8,1.85,0,11.34,0,6.08,0,0.91,0.04,1.85,0,1.85,0,0,22.68,0,0.32,1847.45,52559.07,1166.93,39212.67,0,2085.66,1365.51,1367.63,5030.16,0,0,0,0,0.13,288.27,0.24,0.29,0.25,0.2,4.59,0,1.31,0.01,0,94.09,3402821.87,4807222.13,3114629.87,39.32,67185.33,1533318.13,5103061.33,64.42,2827681.07,1387816.53,164.8,1.72,0,10.34,0,5.97,0,0.9,0.04,1.72,0,1.72,0,0,20.67,0,0.32,1840.87,52509.73,1179.73,39166.47,0,2073.37,1356.72,1358.9,4998.41,0,0,0,0
Transformation,2G,200,10240,0,HTTP Request,466204,0,0,776.95,257.37,199,221.71,3,3584,303,409,509,915,1495,2063,7966.04,8777.89,97.81,2048,,,0,3925.5,,,99.98,2048,,,99.92,4096,13.178,741.755,99.92,4096,12.975,447.599,20.6,1265.4,19.86,17.59,15.8,0,93.15,0,5.62,0,0.01,1.23,152229.87,403873.07,3482062.93,89.6,31597.6,420533.6,4241101.87,109.14,3103843.73,376030.13,204.8,2.1,0.15,25.79,0,10.54,0,0.95,0.05,2.1,0.02,2.07,0,0.3,51.57,0,0.86,4883.24,24208,1932.8,23268.47,0,4465.28,4908.66,15364.86,14743.66,0,0,0,0,N/A,N/A,N/A,N/A,0.07,177.73,0.06,0.06,0.02,0.2,0.47,0,0.57,0.01,0,98.95,5436485.6,6629007.47,1292848.53,16.32,62760.8,1331581.6,5047770.4,63.72,1040476.8,1177852,161.33,1.44,0,8.27,0,5.74,0,0.9,0.03,1.44,0,1.44,0,0,16.53,0,0.07,1877.73,49659.4,1273.6,36260,0,2111.47,2108.46,7295.48,7227.85,0,0,0,0,40481.39,825777,118754,257309,0.07,166.4,0.02,0.04,0.01,0.2,1.4,0,0.16,0.03,0,98.41,449529.6,2118331.47,1767612.53,45.49,76241.6,1765504.8,2792422.4,71.86,1805846.4,1366215.2,1631.73,2.03,0,103.2,0,50.6,0,1.29,0.07,2.03,0,2.03,0,0,206.41,0,0.12,225.1,54747.4,1137.07,42104.13,0,268.79,129.17,1890.58,9.23,0,0,0,0,0.13,287.07,0.16,0.22,0.25,0.13,3.01,0,0.81,0.01,0,96.17,3419376,4824804.27,3097047.73,39.1,67862.67,1533954.13,5094717.07,64.31,2820891.2,1388682.67,177.33,1.51,0,8.73,0,5.72,0,0.91,0.03,1.51,0,1.51,0,0,17.47,0,0.18,1318.22,52558.67,1186.13,39212.6,0,1429.73,1286.53,3619.96,4942.64,0,0,0,0,0.13,288.33,0.14,0.16,0.19,0.13,3.06,0,0.93,0.01,0,95.99,3410951.2,4816365.87,3105486.13,39.2,67626.93,1533909.87,5102540.53,64.41,2816433.87,1388400.53,153.6,1.64,0,9.71,0,5.86,0,0.9,0.04,1.64,0,1.64,0,0,19.41,0,0.18,1368.56,52506.6,1192.53,39163.4,0,1490.2,1333.68,3771.12,5152.11,0,0,0,0
Transformation,2G,200,102400,0,HTTP Request,45031,0,0,74.95,2661.8,199,479.96,866,5294,2799,3295,3759,4159,4351,4767,7523.49,7592.3,88.42,2048,364.76,11.907,,,,,99.99,2048,,,99.95,4096,12.305,523.259,99.96,4096,12.103,814.587,27.31,1237.69,25.08,22.22,19.34,0.06,91.7,0,3.74,0.04,0.01,4.51,137709,188899,3697037,95.14,12755.25,241610.75,4211090.5,108.37,3297458,202956.25,390.25,4.49,21.87,41.3,0,12.85,0,0.95,0.19,4.49,2.26,2.23,0,43.74,82.59,0,1.31,4736.76,18583.12,1786,18908.12,0,3250.69,2789.54,14436.44,14051.82,0,0,0,0,N/A,N/A,N/A,N/A,0.25,178.19,0.04,0.04,0.01,0.12,0.26,0,0.29,0.01,0,99.44,5947947,7141430.75,780425.25,9.85,63439.5,1331856.75,5044403.75,63.68,542223.75,1178680,147.25,1.52,0,8.36,0,5.51,0,0.9,0.03,1.52,0,1.52,0,0,16.72,0,0.1,1304.45,49681.5,1164,36141.62,0,1257.31,1408.93,6986.29,7030.18,0,0,0,0,25241.80,595815,37730,92972,0,167.31,0,0,0,0.19,0.46,0,0.06,0.02,0,99.46,1194910.5,2858617.5,1027326.5,26.44,76944.5,1759272.25,2791778.25,71.84,1057864.5,1360610.5,270.5,1.57,0,18.19,0,11.51,0,0.95,0.04,1.57,0,1.57,0,0,36.37,0,0.14,101.12,54928.94,1128,42277.12,0,29.06,13.88,186.13,1.64,0,0,0,0,0.06,278.94,0.08,0.07,0.11,0.19,1.56,0,0.52,0.01,0,97.9,3691984.25,5098656.5,2823195.5,35.64,68329.25,1534726,4803748.75,60.64,2561432.25,1389275.5,191.75,1.82,0,10.7,0,5.88,0,0.9,0.04,1.82,0,1.82,0,0,21.39,0,0.31,1008.85,52559.06,1158,39199.12,0,753.21,925.18,3493.24,3816.15,0,0,0,0,0,280.31,0.08,0.08,0.11,0.19,1.53,0,0.4,0.01,0,98.05,3643207.75,5049881.25,2871970.75,36.25,68203.5,1534561.25,4815750,60.79,2597776.75,1389110.75,186,1.73,0,9.94,0,5.75,0,0.9,0.04,1.73,0,1.73,0,0,19.89,0,0.31,1017.07,52510.69,1156,39153.69,0,779.56,928.4,3529.45,3806.79,0,0,0,0
Transformation,2G,500,50,0,HTTP Request,1600175,0,0,2666.13,187.46,499,109.95,2,1421,229,317,389,509,611,867,781.09,3582.61,97.31,2048,,,99.99,3925.5,,,99.97,2048,,,99.85,4096,14.169,2176.475,99.87,4096,13.454,1142.685,11.81,1266,12.74,14.73,17.47,0.06,85.23,0,9.07,0.02,0.01,5.68,139338.25,476905.5,3409030.5,87.73,14125.75,530629.75,4243510,109.2,3038249,467549.75,203.75,2.89,6.48,34.45,0,10.15,0,0.95,0.1,2.89,0.58,2.31,0,12.95,68.91,0,1.01,7059.57,14020.94,2462,13592.31,0,4364.21,8697.05,3513.14,1860.71,0,0,0,0,N/A,N/A,N/A,N/A,0.07,177.47,0.03,0.01,0,0.2,1.01,0,1.15,0.01,0,97.84,5284238.4,6478910.4,1442945.6,18.22,64197.6,1332169.6,5048294.67,63.73,1203725.87,1179576.27,155.73,1.39,0,7.82,0,5.63,0,0.91,0.03,1.39,0,1.39,0,0,15.63,0,0.07,4026.56,49696,1540.27,36540.13,0,4383.86,2193.02,821.88,451.68,0,0,0,0,69107.11,1873239,300970,267849,0.07,168.33,0.1,0.06,0.01,0.13,3.19,0,0.38,0.04,0,96.39,288300,2065558.67,1820385.33,46.84,77613.33,1870835.47,2793636.8,71.89,1854540,1468708.53,2560.8,2.85,0,299.42,0,99.92,0.01,1.66,0.1,2.85,0,2.85,0,0,598.84,0,0.13,660.65,55100.73,1141.33,42441.13,0,826.42,405.39,5907.99,27.38,0,0,0,0,0.27,436.87,0.34,0.23,0.14,0.13,4.8,0,1.44,0.01,0,93.75,3468702.93,4876416.8,3045435.2,38.44,68918.93,1535119.47,5248102.13,66.25,2753442.93,1390034.13,149.87,1.75,0,10.4,0,5.91,0,0.91,0.04,1.75,0,1.75,0,0,20.8,0,0.49,2077.49,52564.07,1294.93,39354,0,2404.8,1518.78,480.63,4551.02,0,0,0,0,0.13,438.73,0.29,0.21,0.14,0.13,4.91,0,1.44,0.01,0,93.64,3346293.6,4754156,3167696,39.99,68804.27,1535099.2,5257708.53,66.37,2865382.93,1389880.8,184.53,1.72,0,10.37,0,6.02,0,0.91,0.04,1.72,0,1.72,0,0,20.73,0,0.49,2073.87,52517.2,1320.53,39310.07,0,2384.17,1506.05,476.67,4514.76,0,0,0,0
Transformation,2G,500,1024,0,HTTP Request,1317679,0,0,2195.83,227.66,499,136.43,3,1746,277,377,461,619,795,1135,2734.07,5043.55,97.23,2048,,,100,3925.5,,,99.98,2048,,,99.87,4096,13.632,1398.657,99.87,4096,13.828,1684.328,14.53,1264.67,14.5,13.26,14.25,0,89.12,0,8.1,0.01,0.01,2.77,162222.67,468962.4,3416973.6,87.93,16112.8,497841.87,4240529.07,109.12,3062935.73,420754.13,229.87,3.14,16.59,34.9,0,12.01,0,0.95,0.11,3.14,0.72,2.42,0,33.17,69.8,0,0.92,6556.13,14231.73,2500.27,13707.67,0,3718.4,7418.4,6524.71,5115.38,0,0,0,0,N/A,N/A,N/A,N/A,0.27,177.2,0.13,0.1,0.04,0.2,0.83,0,0.97,0.01,0,98.19,5284136.53,6479969.87,1441886.13,18.2,64842.93,1332649.07,5047441.87,63.72,1204418.67,1180381.07,158.67,1.41,0,7.64,0,5.44,0,0.9,0.03,1.41,0,1.41,0,0,15.29,0,0.07,3375.28,49712.4,1565.87,36535.33,0,3702.48,1852.64,2456.79,2145.93,0,0,0,0,57274.78,1527105,223652,270108,0.4,168.33,0.07,0.07,0.03,0.13,2.86,0,0.33,0.04,0,96.77,445796.27,2077393.6,1808550.4,46.54,77353.07,1727059.47,2793281.33,71.88,1839635.73,1324942.67,5833.6,2.63,0,251.1,0,92.39,0,1.67,0.09,2.63,0,2.63,0,0,502.2,0,0.13,505.82,55282.6,1132.8,42613.93,0,700.54,341.17,4991.66,23.17,0,0,0,0,0.27,437.07,0.21,0.2,0.18,0.2,4.47,0,1.23,0.01,0,94.29,3327629.6,4736397.07,3185454.93,40.21,69487.47,1535590.93,5248950.67,66.26,2888826.13,1390784.27,163.73,1.75,0,10.53,0,6.03,0,0.91,0.04,1.75,0,1.75,0,0,21.06,0,0.45,1780.84,52568.73,1329.07,39361.8,0,2012.23,1272.04,1279.48,4686.89,0,0,0,0,0.2,438.13,0.14,0.16,0.16,0.2,4.44,0,1.31,0.01,0,94.24,3368195.73,4777075.2,3144776.8,39.7,69332.53,1535550.93,5257214.4,66.36,2842052.8,1390587.73,144.8,1.73,0,10.44,0,6.04,0,0.91,0.03,1.73,0,1.73,0,0,20.87,0,0.49,1795.48,52513.87,1324.8,39309.6,0,2034.22,1285.79,1293.57,4739.82,0,0,0,0
Transformation,2G,500,10240,0,HTTP Request,460830,0,0,767.72,651.07,499,381.09,7,3952,775,1031,1335,1935,2207,2927,7871.38,8673.59,97.09,2048,,,0,3925.5,,,99.98,2048,,,99.92,4096,14.611,2817.113,99.92,4096,14.644,2865.904,23.67,1265.2,21.36,18.53,16.25,0,93.38,0,5.78,0,0.01,0.82,151792.8,415237.87,3470698.13,89.31,16058.13,454597.07,4243286.67,109.19,3159255.2,329679.47,232.53,1.92,0.11,23.95,0,9.82,0,0.95,0.05,1.92,0.02,1.91,0,0.22,47.91,0,0.86,4583.85,14499.13,2506.67,13696.6,0,4728.18,4853.99,15065.15,14512.43,0,0,0,0,N/A,N/A,N/A,N/A,0.27,177.73,0.06,0.05,0.02,0.13,0.46,0,0.59,0.01,0,98.95,5445773.33,6642484.27,1279371.73,16.15,65354.4,1332988.27,5047706.4,63.72,1032052.53,1181046.93,159.47,1.4,0,7.93,0,5.64,0,0.9,0.03,1.4,0,1.4,0,0,15.86,0,0.07,1865.88,49728.4,1508.27,36536.27,0,2078.05,2073.18,7171.77,7105.05,0,0,0,0,37645.93,817067,110953,246487,0,168.4,0.02,0.02,0,0.2,1.29,0,0.17,0.03,0,98.52,493115.47,2104433.07,1781510.93,45.85,78234.93,1705950.4,2793150.13,71.88,1814826.93,1304712.8,1871.73,2.04,0,102.24,0,49.86,0,1.29,0.07,2.04,0,2.04,0,0,204.47,0,0.13,276.29,55457.73,1130.67,42779.73,0,264.6,128.59,1860.28,9.2,0,0,0,0,0,436.47,0.47,0.36,0.26,0.2,3.09,0,0.83,0.01,0,96.08,3286917.33,4696628.53,3225223.47,40.71,69982.4,1536005.33,5245915.47,66.22,2931916.53,1391439.73,152.53,1.81,0,10.82,0,5.99,0,0.83,0.04,1.81,0,1.81,0,0,21.64,0,0.34,1315.24,52566.93,1322.67,39363,0,1450.92,1459.38,3643.98,4950.28,0,0,0,0,0,437.6,0.1,0.09,0.11,0.07,3.1,0,0.94,0,0,95.96,3304867.73,4714492.27,3207359.73,40.49,69802.13,1535836,5256246.13,66.35,2909133.33,1391210.93,188,1.76,0,10.7,0,6.06,0,0.58,0.02,1.76,0,1.76,0,0,21.4,0,0.35,1312.66,52515.47,1324.8,39314.87,0,1444.49,1452.36,3630.9,4933.3,0,0,0,0
Transformation,2G,500,102400,0,HTTP Request,43230,0,0,71.85,6916.7,496,918.3,1712,9986,7583,8383,8639,8959,9087,9471,7212.49,7278.44,86.76,2048,479.794,15.509,,,,,99.97,2048,,,99.95,4096,14.388,2493.259,99.95,4096,14.322,2399.213,25.44,1258.25,24.17,22.22,19.74,0,91.56,0,3.77,0.02,0.01,4.65,131007.75,162742.75,3723193.25,95.81,9721,229596,4232472,108.92,3347213.75,157019.25,684,2.96,9.03,39.74,0,14.67,0,0.98,0.11,2.96,0.85,2.11,0,18.05,79.47,0,1.3,4666.27,13772.69,2092,13015.62,0,3149.71,2703.71,13836.79,13504.13,0,0,0,0,N/A,N/A,N/A,N/A,0.06,177.38,0.02,0.01,0,0.12,0.25,0,0.27,0,0,99.47,5929672,7127035.25,794820.75,10.03,65805.25,1333264,5047062,63.71,557922.75,1181648.5,158.5,1.39,0,7.69,0,5.52,0,0.9,0.03,1.39,0,1.39,0,0,15.37,0,0.06,1284.82,49746.94,1176,36183.69,0,1211.06,1373.89,6711.31,6767.11,0,0,0,0,23511.56,586863,33108,94603,0.06,166.81,0,0,0,0.19,0.44,0,0.05,0.02,0,99.49,1341980.25,2951011.25,934932.75,24.06,78984,1702446.5,2792117.5,71.85,971632.5,1301955.25,292.25,1.54,0,17.68,0,11.48,0,0.95,0.04,1.54,0,1.54,0,0,35.35,0,0.13,104.34,55640.69,1132,42952.81,0,29.67,14.66,179.18,1.69,0,0,0,0,0.12,419.12,0.11,0.14,0.19,0.12,1.51,0,0.38,0.01,0,98.1,3697520.5,5107961.5,2813890.5,35.52,70431.25,1536309.75,4952028,62.51,2539675.75,1392024.75,213.5,1.71,0,9.96,0,5.8,0,0.91,0.04,1.71,0,1.71,0,0,19.92,0,0.47,1003.38,52570,1286,39334.88,0,743.68,900.33,3388.27,3674.53,0,0,0,0,0.19,420.31,0.05,0.05,0.07,0.19,1.59,0,0.4,0.01,0,98.01,3681900.25,5092360.5,2829491.5,35.72,70232.75,1536271,4960316.25,62.62,2546451,1391808.75,203.75,1.69,0,9.89,0,5.74,0,0.9,0.04,1.69,0,1.69,0,0,19.77,0,0.47,999.05,52524.94,1262,39286.69,0,752.86,891,3374.11,3615.47,0,0,0,0
Transformation,2G,1000,50,0,HTTP Request,1575299,0,0,2624.05,381.15,1000,180.46,1,2157,461,599,715,895,1019,1407,768.76,3526.06,96.14,2048,,,99.99,3925.5,,,99.97,2048,,,99.84,4096,15.175,3633.115,99.83,4096,16.007,4838.732,11.56,1265.81,12.68,14.13,17.02,0.06,85.31,0,8.93,0.01,0.01,5.74,147079.25,483036.5,3402899.5,87.57,11878.25,531053.25,4244125,109.22,3046578,451399.75,210.5,2.77,6.03,33.17,0,10.82,0,0.96,0.1,2.77,0.52,2.24,0,12.06,66.35,0,1.02,6729.16,14687.62,3386,14533.44,0,4297.61,8559.96,3453.29,1837.6,0,0,0,0,N/A,N/A,N/A,N/A,0.07,177,0.06,0.04,0,0.13,0.98,0,1.13,0.01,0,97.88,5284101.07,6482660.53,1439195.47,18.17,66267.47,1333670.67,5048714.93,63.73,1200279.73,1182255.73,166.93,1.45,0,8.02,0,5.51,0,0.9,0.03,1.45,0,1.45,0,0,16.04,0,0.07,3949.95,49764.93,2007.47,37010.6,0,4318.94,2160.86,809.47,444.89,0,0,0,0,65769.75,1834214,285923,268587,0.07,169.67,0.08,0.05,0.01,0.2,3.27,0,0.37,0.04,0,96.31,316831.73,2064585.07,1821358.93,46.87,78874.67,1839656.53,2794823.47,71.92,1851552.53,1439063.2,3322.67,2.79,0,286.31,0,97.2,0.01,1.72,0.11,2.79,0,2.79,0,0,572.62,0,0.14,603.41,55818.4,1139.2,43123.33,0,811.51,397.91,5810.17,26.92,0,0,0,0,0.13,686.73,0.31,0.28,0.21,0.2,4.68,0,1.36,0.01,0,93.95,3320464,4731945.07,3189906.93,40.27,70930.67,1536718.13,5502755.73,69.47,2874112.53,1392695.2,154.4,1.83,0,11.25,0,6.13,0,0.92,0.04,1.83,0,1.83,0,0,22.5,0,0.77,2158.19,52575.07,1568,39596.47,0,2346.08,1481.6,472.58,4432.19,0,0,0,0,0.2,688,0.28,0.22,0.12,0.13,4.96,0,1.44,0.01,0,93.59,3316550.93,4728088,3193764,40.32,70747.73,1536685.07,5512973.07,69.59,2878201.6,1392494.67,156,1.77,0,11.05,0,6.24,0,0.92,0.05,1.77,0,1.77,0,0,22.1,0,0.77,2191.21,52529.47,1546.67,39548.13,0,2376.45,1501.06,478.6,4491.12,0,0,0,0
Transformation,2G,1000,1024,0,HTTP Request,1296615,0,0,2159.48,463.07,999,216.56,6,2295,563,719,859,1071,1239,1655,2688.8,4960.05,96.12,2048,,,99.99,3925.5,,,99.97,2048,,,99.86,4096,15.009,3392.698,99.86,4096,15.438,4014.245,16.07,1265.47,13.59,12.54,13.71,0,89.29,0,8.03,0.01,0.01,2.66,136750.4,468789.07,3417146.93,87.94,14285.07,524718.93,4242642.4,109.18,3054017.07,447110.67,223.2,2.05,0.08,32.35,0,12.28,0,0.98,0.06,2.05,0.01,2.04,0,0.15,64.69,0,0.88,6340.83,14847.8,3449.6,14620.53,0,3689.1,7353.23,6460.05,5072.53,0,0,0,0,N/A,N/A,N/A,N/A,0.27,177.33,0.07,0.05,0.01,0.2,0.85,0,0.96,0.01,0,98.18,5274756.53,6474076.8,1447779.2,18.28,66701.87,1333949.6,5048425.87,63.73,1206525.87,1182843.2,160.27,1.37,0,7.82,0,5.67,0,0.9,0.03,1.37,0,1.37,0,0,15.63,0,0.06,3349.61,49785.07,1998.93,37005.87,0,3672.83,1837.83,2435.73,2127.52,0,0,0,0,56946.42,1514606,241339,268395,0.33,169.87,0.09,0.08,0.02,0.13,2.82,0,0.32,0.04,0,96.83,320761.6,2013729.07,1872214.93,48.18,73818.13,1790181.6,2794851.47,71.92,1900367.73,1385020.27,4915.2,2.58,0,250.49,0,94.22,0,1.56,0.09,2.58,0,2.58,0,0.01,500.97,0,0.13,553.63,55998.27,1137.07,43294.73,0,691.73,341.37,4943.99,23.19,0,0,0,0,0.4,687.4,0.33,0.22,0.19,0.2,4.53,0,1.25,0.01,0,94.21,3263289.07,4676010.67,3245841.33,40.97,71506.4,1537350.67,5503540.27,69.47,2937650.13,1393453.87,166.13,1.88,0,11.85,0,6.37,0,0.91,0.05,1.88,0,1.88,0,0,23.71,0,0.63,1768.09,52573.87,1572.27,39603.2,0,2000.75,1263.57,1272.92,4647.45,0,0,0,0,0.13,687.4,0.28,0.21,0.18,0.2,4.67,0,1.3,0.01,0,94.02,3212330.93,4624890.67,3296961.33,41.62,71273.87,1537164.8,5513320,69.6,2981242.67,1393200.27,143.47,1.67,0,10.27,0,6.06,0,0.89,0.04,1.67,0,1.67,0,0,20.55,0,0.76,1791.41,52529.4,1568,39556.33,0,2019.4,1275.69,1285.14,4693.21,0,0,0,0
Transformation,2G,1000,10240,0,HTTP Request,395492,0,0,657.94,1517.74,998,689.17,19,5961,1855,2431,2815,3343,3663,4863,6745.85,7433.35,94.3,2048,,,0,3925.5,,,99.98,2048,,,99.91,4096,19.096,9311.889,99.91,4096,18.281,8131.728,23.2,1266.8,21.75,18.27,15.6,0.07,94.06,0,5.1,0,0.01,0.82,186076.27,395667.2,3490268.8,89.82,14672,401886.67,4244345.33,109.22,3100743.47,346124.53,210.93,2.17,0.7,27.36,0,11.12,0,0.97,0.06,2.17,0.06,2.11,0,1.39,54.72,0,0.85,4315.75,14988.93,3451.73,14605.33,0,4270.01,4295.85,13318.86,12830.69,0,0,0,0,N/A,N/A,N/A,N/A,0.13,177.27,0.03,0.02,0,0.2,0.44,0,0.54,0.01,0,99.02,5454264.53,6654441.33,1267414.67,16,67109.6,1334406.13,5047770.93,63.72,1022867.47,1183404.53,157.6,1.42,0,7.9,0,5.58,0,0.9,0.03,1.42,0,1.42,0,0,15.8,0,0.06,1693.09,49801.07,1971.2,36990.4,0,1837.88,1835.36,6344.24,6285.17,0,0,0,0,33725.91,740377,108153,240958,0,170,0.03,0.03,0.01,0.2,1.21,0,0.15,0.03,0,98.62,550964.8,2109564.27,1776379.73,45.71,73609.6,1657521.07,2795273.33,71.93,1803560.27,1251666.13,2062.13,1.88,0,90.6,0,47.67,0,1.27,0.06,1.88,0,1.88,0,0,181.19,0,0.13,248.99,56174.73,1141.33,43462,0,235.39,115.46,1644.91,8.34,0,0,0,0,0.2,686.33,0.46,0.31,0.24,0.2,2.96,0,0.76,0.01,0,96.28,3193555.47,4606964.8,3314887.2,41.84,72009.6,1537534.4,5504296,69.48,3003204.27,1394110.13,167.2,1.58,0,9.47,0,5.96,0,0.91,0.04,1.58,0,1.58,0,0,18.93,0,0.62,1197.73,52572.27,1589.33,39610.07,0,1285.69,1334.1,3223.83,4378.45,0,0,0,0,0.13,687.93,0.71,0.77,0.48,0.13,2.93,0,0.84,0.01,0,96.22,3239305.87,4652936,3268916,41.26,71750.93,1537728,5512185.07,69.58,2949232.53,1393828,164.8,1.57,0,9.26,0,5.81,0,0.9,0.03,1.57,0,1.57,0,0,18.51,0,0.63,1198.55,52532.27,1578.67,39567.67,0,1282.95,1332.22,3217.36,4369.11,0,0,0,0
Transformation,2G,1000,102400,0,HTTP Request,36296,0,0,59.51,16463.44,979,1826.48,6411,25631,17535,18815,19711,20735,21503,24319,5973.57,6028.2,78.06,2048,585.868,43.326,,,,,99.98,2048,,,99.93,4096,18.229,8056.068,99.93,4096,18.347,8227.895,37.62,1263.81,26.97,24.36,20.73,0.06,92.6,0,3.35,0.04,0.01,4.01,128535.25,117295.75,3768640.25,96.98,7875.25,179971,4240428.75,109.12,3295982.5,168919,1949.75,5.08,34.67,108.87,0,38.34,0,1.13,0.2,5.08,2.38,2.7,0,69.33,217.74,0,1.31,3949.65,6754.19,2938,9771.5,0,2694.6,2322.15,11795.9,11470.79,0,0,0,0,N/A,N/A,N/A,N/A,0.06,178.12,0.01,0,0,0.12,0.26,0,0.27,0.02,0,99.45,5844445.75,7095102,826754,10.43,67662.5,1384042.75,5089120.5,64.24,591297,1232312.75,179,2.63,81.27,97.94,0,13.23,0,0.84,0.08,2.63,0.39,2.24,0,162.54,195.88,0,0.17,1123.64,50117.31,1532,36832.56,0,1037.57,1180.59,5723.76,5786.55,0,0,0,0,20665.09,503716,45721,110570,0,166.94,0.01,0.01,0,0.25,0.44,0,0.05,0.02,0,99.48,1451332.25,3014045.25,871898.75,22.44,74117.25,1660654.5,2792112.25,71.85,905116.75,1255205.5,209.75,1.64,0,17.35,0,10.57,0,0.94,0.04,1.64,0,1.64,0,0,34.7,0,0.14,105.59,56351,1132,43627.94,0,28.2,14.28,150.89,1.68,0,0,0,0,0.12,673.69,0.08,0.2,0.26,0.19,1.5,0,0.39,0.01,0,98.1,3421515,4835871.5,3085980.5,38.96,72476.5,1537996,5491356.75,69.32,2800319.5,1394711.75,205.75,1.73,0,10.17,0,5.84,0,0.91,0.04,1.73,0,1.73,0,0,20.35,0,0.73,880.47,52581,1554,39577.38,0,641.59,759.03,2842.52,3080.57,0,0,0,0,0.19,671.19,0.05,0.16,0.35,0.06,1.55,0,0.36,0.01,0,98.08,3480689.5,4894850.75,3027001.25,38.21,72102,1537906.5,5497359.5,69.4,2740859.25,1394318,192.25,1.6,0,9.24,0,5.7,0,0.9,0.03,1.6,0,1.6,0,0,18.47,0,0.73,887.86,52534.62,1552,39524.62,0,649.8,766.55,2877.09,3103.62,0,0,0,0
