Scenario Name,Heap Size,Concurrent Users,Message Size (Bytes),Back-end Service Delay (ms),Label,# Samples,Error Count,Error %,Throughput (Requests/sec),Average Response Time (ms),Average Users in the System,Standard Deviation of Response Time (ms),Minimum Response Time (ms),Maximum Response Time (ms),75th Percentile of Response Time (ms),90th Percentile of Response Time (ms),95th Percentile of Response Time (ms),98th Percentile of Response Time (ms),99th Percentile of Response Time (ms),99.9th Percentile of Response Time (ms),Received (KB/sec),Sent (KB/sec),WSO2 API Manager GC Throughput (%),WSO2 API Manager Memory Footprint (M),Average WSO2 API Manager Memory Footprint After Full GC (M),Standard Deviation of WSO2 API Manager Memory Footprint After Full GC (M),Netty Service GC Throughput (%),Netty Service Memory Footprint (M),Average Netty Service Memory Footprint After Full GC (M),Standard Deviation of Netty Service Memory Footprint After Full GC (M),JMeter Client GC Throughput (%),JMeter Client Memory Footprint (M),Average JMeter Client Memory Footprint After Full GC (M),Standard Deviation of JMeter Client Memory Footprint After Full GC (M),JMeter Server 1 GC Throughput (%),JMeter Server 1 Memory Footprint (M),Average JMeter Server 1 Memory Footprint After Full GC (M),Standard Deviation of JMeter Server 1 Memory Footprint After Full GC (M),JMeter Server 2 GC Throughput (%),JMeter Server 2 Memory Footprint (M),Average JMeter Server 2 Memory Footprint After Full GC (M),Standard Deviation of JMeter Server 2 Memory Footprint After Full GC (M),WSO2 API Manager - Run queue length,WSO2 API Manager - Number of tasks,WSO2 API Manager - System Load Average - Last 1 minute,WSO2 API Manager - System Load Average - Last 5 minutes,WSO2 API Manager - System Load Average - Last 15 minutes,WSO2 API Manager - Blocked,WSO2 API Manager - CPU - User (%),WSO2 API Manager - CPU - Nice (%),WSO2 API Manager - CPU - System (%),WSO2 API Manager - CPU - I/O Wait (%),WSO2 API Manager - CPU - Steal (%),WSO2 API Manager - CPU - Idle (%),WSO2 API Manager - Memory - Free (kB),WSO2 API Manager - Memory - Available (kB),WSO2 API Manager - Memory - Used (kB),WSO2 API Manager - Memory - Used (%),WSO2 API Manager - Memory - Buffers (kB),WSO2 API Manager - Memory - Cached (kB),WSO2 API Manager - Memory - Commit (kB),WSO2 API Manager - Memory - Commit (%),WSO2 API Manager - Memory - Active (kB),WSO2 API Manager - Memory - Inactive (kB),WSO2 API Manager - Memory - Dirty (kB),WSO2 API Manager - Block Device - TPS (transfers/s),WSO2 API Manager - Block Device - Read TPS (kB/s),WSO2 API Manager - Block Device - Write TPS (kB/s),WSO2 API Manager - Block Device - Discard TPS (kB/s),WSO2 API Manager - Block Device - Average Request Size (kB),WSO2 API Manager - Block Device - Average Queue Length,WSO2 API Manager - Block Device - Average Time (ms),WSO2 API Manager - Block Device - Utilization (%),WSO2 API Manager - IO - TPS (transfers/s),WSO2 API Manager - IO - Read TPS (requests/s,WSO2 API Manager - IO - Write TPS (requests/s),WSO2 API Manager - IO - Discard TPS (requests/s),WSO2 API Manager - IO - Data reads per seconds (blocks/s),WSO2 API Manager - IO - Data writes per seconds (blocks/s),WSO2 API Manager - IO - Data discarded per seconds (blocks/s),WSO2 API Manager - Tasks created per second,WSO2 API Manager - Context switches per second,WSO2 API Manager - Unused directory cache entries,WSO2 API Manager - Number of file handles,WSO2 API Manager - Number of inode handlers,WSO2 API Manager - Number of pseudo-terminals,WSO2 API Manager - Network - Received packets/s,WSO2 API Manager - Network - Transmitted packets/s,WSO2 API Manager - Network - Received kB/s,WSO2 API Manager - Network - Transmitted kB/s,WSO2 API Manager - Network - Received compressed packets/s,WSO2 API Manager - Network - Transmitted compressed packets/s,WSO2 API Manager - Network - Received multicast packets/s,WSO2 API Manager - Network - Utilization (%),WSO2 API Manager - Task clock,WSO2 API Manager - Context switches,WSO2 API Manager - CPU Migrations,WSO2 API Manager - Page faults,Netty Service - Run queue length,Netty Service - Number of tasks,Netty Service - System Load Average - Last 1 minute,Netty Service - System Load Average - Last 5 minutes,Netty Service - System Load Average - Last 15 minutes,Netty Service - Blocked,Netty Service - CPU - User (%),Netty Service - CPU - Nice (%),Netty Service - CPU - System (%),Netty Service - CPU - I/O Wait (%),Netty Service - CPU - Steal (%),Netty Service - CPU - Idle (%),Netty Service - Memory - Free (kB),Netty Service - Memory - Available (kB),Netty Service - Memory - Used (kB),Netty Service - Memory - Used (%),Netty Service - Memory - Buffers (kB),Netty Service - Memory - Cached (kB),Netty Service - Memory - Commit (kB),Netty Service - Memory - Commit (%),Netty Service - Memory - Active (kB),Netty Service - Memory - Inactive (kB),Netty Service - Memory - Dirty (kB),Netty Service - Block Device - TPS (transfers/s),Netty Service - Block Device - Read TPS (kB/s),Netty Service - Block Device - Write TPS (kB/s),Netty Service - Block Device - Discard TPS (kB/s),Netty Service - Block Device - Average Request Size (kB),Netty Service - Block Device - Average Queue Length,Netty Service - Block Device - Average Time (ms),Netty Service - Block Device - Utilization (%),Netty Service - IO - TPS (transfers/s),Netty Service - IO - Read TPS (requests/s,Netty Service - IO - Write TPS (requests/s),Netty Service - IO - Discard TPS (requests/s),Netty Service - IO - Data reads per seconds (blocks/s),Netty Service - IO - Data writes per seconds (blocks/s),Netty Service - IO - Data discarded per seconds (blocks/s),Netty Service - Tasks created per second,Netty Service - Context switches per second,Netty Service - Unused directory cache entries,Netty Service - Number of file handles,Netty Service - Number of inode handlers,Netty Service - Number of pseudo-terminals,Netty Service - Network - Received packets/s,Netty Service - Network - Transmitted packets/s,Netty Service - Network - Received kB/s,Netty Service - Network - Transmitted kB/s,Netty Service - Network - Received compressed packets/s,Netty Service - Network - Transmitted compressed packets/s,Netty Service - Network - Received multicast packets/s,Netty Service - Network - Utilization (%),Netty Service - Task clock,Netty Service - Context switches,Netty Service - CPU Migrations,Netty Service - Page faults,JMeter Client - Run queue length,JMeter Client - Number of tasks,JMeter Client - System Load Average - Last 1 minute,JMeter Client - System Load Average - Last 5 minutes,JMeter Client - System Load Average - Last 15 minutes,JMeter Client - Blocked,JMeter Client - CPU - User (%),JMeter Client - CPU - Nice (%),JMeter Client - CPU - System (%),JMeter Client - CPU - I/O Wait (%),JMeter Client - CPU - Steal (%),JMeter Client - CPU - Idle (%),JMeter Client - Memory - Free (kB),JMeter Client - Memory - Available (kB),JMeter Client - Memory - Used (kB),JMeter Client - Memory - Used (%),JMeter Client - Memory - Buffers (kB),JMeter Client - Memory - Cached (kB),JMeter Client - Memory - Commit (kB),JMeter Client - Memory - Commit (%),JMeter Client - Memory - Active (kB),JMeter Client - Memory - Inactive (kB),JMeter Client - Memory - Dirty (kB),JMeter Client - Block Device - TPS (transfers/s),JMeter Client - Block Device - Read TPS (kB/s),JMeter Client - Block Device - Write TPS (kB/s),JMeter Client - Block Device - Discard TPS (kB/s),JMeter Client - Block Device - Average Request Size (kB),JMeter Client - Block Device - Average Queue Length,JMeter Client - Block Device - Average Time (ms),JMeter Client - Block Device - Utilization (%),JMeter Client - IO - TPS (transfers/s),JMeter Client - IO - Read TPS (requests/s,JMeter Client - IO - Write TPS (requests/s),JMeter Client - IO - Discard TPS (requests/s),JMeter Client - IO - Data reads per seconds (blocks/s),JMeter Client - IO - Data writes per seconds (blocks/s),JMeter Client - IO - Data discarded per seconds (blocks/s),JMeter Client - Tasks created per second,JMeter Client - Context switches per second,JMeter Client - Unused directory cache entries,JMeter Client - Number of file handles,JMeter Client - Number of inode handlers,JMeter Client - Number of pseudo-terminals,JMeter Client - Network - Received packets/s,JMeter Client - Network - Transmitted packets/s,JMeter Client - Network - Received kB/s,JMeter Client - Network - Transmitted kB/s,JMeter Client - Network - Received compressed packets/s,JMeter Client - Network - Transmitted compressed packets/s,JMeter Client - Network - Received multicast packets/s,JMeter Client - Network - Utilization (%),JMeter Server 1 - Run queue length,JMeter Server 1 - Number of tasks,JMeter Server 1 - System Load Average - Last 1 minute,JMeter Server 1 - System Load Average - Last 5 minutes,JMeter Server 1 - System Load Average - Last 15 minutes,JMeter Server 1 - Blocked,JMeter Server 1 - CPU - User (%),JMeter Server 1 - CPU - Nice (%),JMeter Server 1 - CPU - System (%),JMeter Server 1 - CPU - I/O Wait (%),JMeter Server 1 - CPU - Steal (%),JMeter Server 1 - CPU - Idle (%),JMeter Server 1 - Memory - Free (kB),JMeter Server 1 - Memory - Available (kB),JMeter Server 1 - Memory - Used (kB),JMeter Server 1 - Memory - Used (%),JMeter Server 1 - Memory - Buffers (kB),JMeter Server 1 - Memory - Cached (kB),JMeter Server 1 - Memory - Commit (kB),JMeter Server 1 - Memory - Commit (%),JMeter Server 1 - Memory - Active (kB),JMeter Server 1 - Memory - Inactive (kB),JMeter Server 1 - Memory - Dirty (kB),JMeter Server 1 - Block Device - TPS (transfers/s),JMeter Server 1 - Block Device - Read TPS (kB/s),JMeter Server 1 - Block Device - Write TPS (kB/s),JMeter Server 1 - Block Device - Discard TPS (kB/s),JMeter Server 1 - Block Device - Average Request Size (kB),JMeter Server 1 - Block Device - Average Queue Length,JMeter Server 1 - Block Device - Average Time (ms),JMeter Server 1 - Block Device - Utilization (%),JMeter Server 1 - IO - TPS (transfers/s),JMeter Server 1 - IO - Read TPS (requests/s,JMeter Server 1 - IO - Write TPS (requests/s),JMeter Server 1 - IO - Discard TPS (requests/s),JMeter Server 1 - IO - Data reads per seconds (blocks/s),JMeter Server 1 - IO - Data writes per seconds (blocks/s),JMeter Server 1 - IO - Data discarded per seconds (blocks/s),JMeter Server 1 - Tasks created per second,JMeter Server 1 - Context switches per second,JMeter Server 1 - Unused directory cache entries,JMeter Server 1 - Number of file handles,JMeter Server 1 - Number of inode handlers,JMeter Server 1 - Number of pseudo-terminals,JMeter Server 1 - Network - Received packets/s,JMeter Server 1 - Network - Transmitted packets/s,JMeter Server 1 - Network - Received kB/s,JMeter Server 1 - Network - Transmitted kB/s,JMeter Server 1 - Network - Received compressed packets/s,JMeter Server 1 - Network - Transmitted compressed packets/s,JMeter Server 1 - Network - Received multicast packets/s,JMeter Server 1 - Network - Utilization (%),JMeter Server 2 - Run queue length,JMeter Server 2 - Number of tasks,JMeter Server 2 - System Load Average - Last 1 minute,JMeter Server 2 - System Load Average - Last 5 minutes,JMeter Server 2 - System Load Average - Last 15 minutes,JMeter Server 2 - Blocked,JMeter Server 2 - CPU - User (%),JMeter Server 2 - CPU - Nice (%),JMeter Server 2 - CPU - System (%),JMeter Server 2 - CPU - I/O Wait (%),JMeter Server 2 - CPU - Steal (%),JMeter Server 2 - CPU - Idle (%),JMeter Server 2 - Memory - Free (kB),JMeter Server 2 - Memory - Available (kB),JMeter Server 2 - Memory - Used (kB),JMeter Server 2 - Memory - Used (%),JMeter Server 2 - Memory - Buffers (kB),JMeter Server 2 - Memory - Cached (kB),JMeter Server 2 - Memory - Commit (kB),JMeter Server 2 - Memory - Commit (%),JMeter Server 2 - Memory - Active (kB),JMeter Server 2 - Memory - Inactive (kB),JMeter Server 2 - Memory - Dirty (kB),JMeter Server 2 - Block Device - TPS (transfers/s),JMeter Server 2 - Block Device - Read TPS (kB/s),JMeter Server 2 - Block Device - Write TPS (kB/s),JMeter Server 2 - Block Device - Discard TPS (kB/s),JMeter Server 2 - Block Device - Average Request Size (kB),JMeter Server 2 - Block Device - Average Queue Length,JMeter Server 2 - Block Device - Average Time (ms),JMeter Server 2 - Block Device - Utilization (%),JMeter Server 2 - IO - TPS (transfers/s),JMeter Server 2 - IO - Read TPS (requests/s,JMeter Server 2 - IO - Write TPS (requests/s),JMeter Server 2 - IO - Discard TPS (requests/s),JMeter Server 2 - IO - Data reads per seconds (blocks/s),JMeter Server 2 - IO - Data writes per seconds (blocks/s),JMeter Server 2 - IO - Data discarded per seconds (blocks/s),JMeter Server 2 - Tasks created per second,JMeter Server 2 - Context switches per second,JMeter Server 2 - Unused directory cache entries,JMeter Server 2 - Number of file handles,JMeter Server 2 - Number of inode handlers,JMeter Server 2 - Number of pseudo-terminals,JMeter Server 2 - Network - Received packets/s,JMeter Server 2 - Network - Transmitted packets/s,JMeter Server 2 - Network - Received kB/s,JMeter Server 2 - Network - Transmitted kB/s,JMeter Server 2 - Network - Received compressed packets/s,JMeter Server 2 - Network - Transmitted compressed packets/s,JMeter Server 2 - Network - Received multicast packets/s,JMeter Server 2 - Network - Utilization (%)
Passthrough,2G,50,50,0,HTTP Request,1763437,0,0,2939.35,16.92,49,18.2,0,434,19,30,42,64,93,201,1185.5,3717.24,94.47,2048,,,100,4085,,,99.97,2048,,,99.85,4096,14.5,2752.06,99.86,4096,13.65,1520.987,10.31,1155.31,8.94,7.06,3.99,0.06,79.96,0,12.77,0.01,0.01,7.25,108142.25,460180,3046504,80.48,18060.25,509742.5,4202260.75,111.02,3142403.75,367989,13712.75,6.08,12.55,934.5,0,171.84,0.02,4.19,0.54,6.08,0.97,5.1,0,25.09,1869,0,1.16,15108.93,8901.56,1660,21150.69,0,5047.62,7184.06,4016.89,2209.64,0,0,0,0,N/A,N/A,N/A,N/A,0.12,173,0.08,0.07,0.09,0.06,0.89,0,0.72,0,0.01,98.38,4956133.5,6375784.75,1095006.25,14.05,37049.5,1549964,5187056,66.56,1676952.75,950468.75,48,0.98,0.42,5.51,0,6.11,0,0.65,0.04,0.98,0.07,0.9,0,0.83,11.02,0,0.09,4454.41,50817.19,1188,49814.25,0,4499.31,2527.8,849.61,517.27,0,0,0,0,59859.49,2131436,115592,269637,0.13,161,0.16,0.26,0.22,0,4.14,0,0.41,0.18,0.01,95.27,265178.4,2029320.27,1460796.53,38.59,40815.47,1870589.33,2878758.13,76.05,2090339.47,1238672.27,3440.53,2.31,0.68,303.86,0,128.74,0.04,16.34,0.29,2.31,0.09,2.23,0,1.36,607.71,0,0.18,321.61,51497.2,1233.07,50284,0,958.67,470.37,6774.1,31.62,0,0,0,0,0.33,208.67,0.41,0.35,0.27,0.07,5.2,0,1.49,0,0.01,93.3,3126621.33,4757082.4,2710874.4,34.79,39473.87,1752941.87,5158557.07,66.2,3324289.07,1118459.73,50.4,1.11,0.11,6.93,0,6.22,0,0.72,0.05,1.11,0.01,1.1,0,0.22,13.88,0,0.25,2695.63,53953.07,1175.47,52849.87,0,1574.72,1739.09,697.8,5131.56,0,0,0,0,0.47,208.93,0.29,0.23,0.2,0.07,5.3,0,1.52,0,0.01,93.17,3180514.93,4812387.2,2655802.4,34.08,39637.33,1754161.07,5152290.67,66.12,3269142.67,1119872.53,50.13,1.2,0.41,7.07,0,6.19,0,0.74,0.05,1.2,0.08,1.12,0,0.82,14.15,0,0.27,2714.26,53849.8,1181.87,52756.8,0,1590.28,1752.53,703.44,5172.24,0,0,0,0
Passthrough,2G,50,1024,0,HTTP Request,1678294,0,0,2797.64,17.78,49,20.09,0,502,20,31,43,63,91,313,3792.11,6204.52,94.36,2048,,,100,3925.5,,,99.97,2048,,,99.87,4096,12.4,289.207,99.85,4096,12.75,217.789,11.07,1154.8,8.32,8.04,6.82,0.07,82.3,0,12.59,0.01,0.02,5.09,111839.2,473347.2,3033643.2,80.14,10074.93,528019.47,4202417.07,111.02,3123125.33,385163.47,14772.8,5.33,5.48,897.25,0,167.17,0.01,3.66,0.35,5.33,0.34,4.99,0,10.96,1794.5,0,0.81,15558.92,7656.07,1644.8,20931.47,0,4996.85,5266.26,8689.14,6780.74,0,0,0,0,N/A,N/A,N/A,N/A,0.2,173.2,0.08,0.07,0.08,0,0.93,0,0.76,0,0.01,98.29,4952106.67,6373224.8,1097050.67,14.08,37422.93,1550962.67,5189360,66.59,1684436.8,946710.4,94.93,0.87,0,5.4,0,6.19,0,0.67,0.03,0.87,0,0.87,0,0,10.8,0,0.07,4496.8,51138.93,1158.4,49937,0,2606.28,2506.11,3074.49,2867.66,0,0,0,0,59103.31,2086447,100229,269336,0.13,159.8,0.09,0.09,0.12,0,4.18,0,0.41,0.15,0.01,95.26,312103.73,2026614.13,1464582.13,38.69,41333.33,1821876,2870120,75.82,2091330.93,1193296.27,4774.13,2.25,0.02,309.81,0,132.83,0.03,12.57,0.25,2.25,0,2.24,0,0.04,619.62,0,0.13,297.86,46483.33,1224.53,45503.07,0,941.08,463.44,6652.44,31.16,0,0,0,0,0.33,208.67,0.46,0.44,0.38,0.13,5.64,0,1.48,0,0.01,92.87,3111063.47,4743659.47,2724127.47,34.96,39880.8,1754558.13,5149072,66.08,3338908.8,1118176.53,49.07,1.06,0,6.64,0,6.19,0,0.7,0.04,1.06,0,1.06,0,0,13.28,0,0.25,2695.62,54213.33,1175.47,52967.27,0,1547.74,1705.92,1859.96,6213.43,0,0,0,0,1.33,208.93,0.25,0.24,0.21,0.07,5.4,0,1.47,0,0,93.12,3125711.73,4759660.53,2707527.47,34.74,40037.07,1755659.47,5155004.53,66.15,3323077.87,1119400.53,45.6,1.12,0,6.93,0,6.15,0,0.74,0.05,1.12,0,1.12,0,0,13.87,0,0.25,2721.55,54111.93,1186.13,52874.27,0,1561.88,1716.83,1871.85,6252.81,0,0,0,0
Passthrough,2G,50,10240,0,HTTP Request,1203655,25,0,2006.39,24.8,49,18.24,1,1253,30,40,47,60,86,201,20820.1,22509.22,95.88,2048,,,100,3925.5,,,99.98,2048,,,99.9,4096,11.55,1520.28,99.89,4096,11.55,1520.28,7.53,1156.4,5.76,5.68,6.13,0.07,81.11,0,15.71,0,0.02,3.17,113525.6,486457.07,3021648.27,79.83,11666.67,539000.53,4206144,111.12,3120227.73,387731.73,9057.07,4.29,3.99,666.68,0,154.09,0.01,3.22,0.27,4.29,0.37,3.92,0,7.99,1333.37,0,0.78,16780.53,8127.93,1653.33,21030.8,0,11167.02,11382.05,40657.69,39132.98,0,0,0,0,N/A,N/A,N/A,N/A,0,173.2,0.13,0.11,0.09,0.2,1.02,0,1.7,0,0.01,97.26,4957070.4,6378844.8,1091333.6,14,37736.27,1551339.47,5189364,66.59,1696217.07,929777.87,49.6,0.9,0,5.72,0,6.38,0,0.65,0.03,0.9,0,0.9,0,0,11.44,0,0.07,5936.95,51298.27,1181.87,49933.67,0,5750.42,5568.78,19254.18,19082.39,0,0,0,0,70779.91,2683301,118843,269343,0,159.8,0.07,0.06,0.07,0,2.85,0,0.32,0.13,0.01,96.69,318790.67,2022155.2,1468814.4,38.8,41717.6,1810294.13,2877913.33,76.03,2098571.73,1179302.67,4662.67,1.94,0,233.89,0,119.32,0.02,13.12,0.22,1.94,0,1.94,0,0,467.78,0,0.13,556.68,46616.27,1245.87,45664.13,0,705.55,351.82,5014.72,23.82,0,0,0,0,1.47,208.73,0.6,0.52,0.45,0.07,8.03,0,2.04,0,0.01,89.92,2977921.6,4611917.6,2855493.6,36.64,40201.6,1755614.67,5151908,66.11,3471928.27,1118232.8,60,0.93,0,5.98,0,6.42,0,0.69,0.04,0.93,0,0.93,0,0,11.95,0,0.09,3818.3,54320.67,1184,52964.93,0,2984.95,3143.6,9926.78,13270.74,0,0,0,0,0.13,208.13,0.89,0.76,0.51,0.07,8.45,0,2.15,0,0.01,89.39,3042932.53,4678241.33,2788927.73,35.79,40354.4,1756688.8,5146876.27,66.04,3405519.73,1119439.2,62.93,1.01,0,6.58,0,6.52,0,0.72,0.05,1.01,0,1.01,0,0,13.15,0,0.1,3842.95,54215.2,1173.33,52868.27,0,2992.45,3158.33,9984.37,13329.03,0,0,0,0
Passthrough,2G,50,102400,0,HTTP Request,316655,0,0,527.79,94.55,49,25.2,7,322,108,125,139,160,181,246,53023.52,53422.4,98.47,2048,,,100,3925.5,,,99.98,2048,,,99.93,4096,11.55,1520.28,99.93,4096,11.45,1665.236,4.88,1154.69,2.97,3.47,4.56,0,69.85,0,24.04,0.02,0.02,6.08,136362.25,458223.75,3051305.75,80.61,11053.75,490207,4203081,111.04,3165098.75,320267,2649.5,3.76,19.43,194.23,0,93.29,0,2.05,0.4,3.76,1.72,2.04,0,38.86,388.47,0,1.12,34628.42,8215.56,1658,21391,0,18549.42,16933.48,97081.61,96614.31,0,0,0,0,N/A,N/A,N/A,N/A,0.25,173.25,0.12,0.12,0.09,0.06,1.12,0,2.5,0,0.01,96.37,5100551.75,6523110.75,946853.75,12.15,38063,1551737.5,5191379.25,66.62,1552534,929436.25,53.25,0.9,0,5.44,0,6.07,0,0.66,0.03,0.9,0,0.9,0,0,10.89,0,0.07,8564.52,51461.25,1198,49933.56,0,8991.28,9213.16,48085.33,48016.18,0,0,0,0,95127.49,4087154,52307,265050,0.07,159.2,0.04,0.04,0.04,0.13,1.12,0,0.11,0.01,0.01,98.75,576421.33,2225678.4,1265795.2,33.44,42096,1756409.07,2875573.07,75.97,1899074.93,1123076.27,1191.47,1.26,0.02,66.36,0,52.5,0,1.29,0.06,1.26,0,1.26,0,0.04,132.71,0,0.13,135.59,46806.73,1228.8,45845.87,0,182.17,91.15,1290.62,6.72,0,0,0,0,0.67,209.2,0.48,0.43,0.42,0.07,10.55,0,2.44,0,0.01,86.99,3101599.2,4736887.47,2730153.6,35.03,40501.07,1756570.93,5155281.07,66.15,3345930.67,1118891.2,79.47,1.2,0,7.35,0,6.22,0,0.68,0.05,1.2,0,1.2,0,0,14.71,0,0.26,6579.28,54431.8,1196.8,52967.67,0,4094.05,4816.15,24535.69,25451.28,0,0,0,0,1.6,208.8,0.35,0.39,0.45,0.13,10.49,0,2.45,0,0,87.06,3090276,4727089.07,2739887.47,35.16,40644.53,1757799.47,5151514.67,66.11,3356943.2,1120190.67,133.33,1.1,0,7.04,0,6.37,0,0.71,0.05,1.1,0,1.1,0,0,14.09,0,0.26,6557.25,54326.73,1173.33,52871.47,0,3984.67,4763.89,24360.65,25272.41,0,0,0,0
Passthrough,2G,100,50,0,HTTP Request,1833854,0,0,3056.65,32.61,99,25.82,0,409,38,56,73,109,150,275,1274.6,3865.58,94.46,2048,,,100,4085,,,99.97,2048,,,99.86,4096,13.25,941.866,99.85,4096,13.2,869.034,11.73,1154.27,9.51,7.78,5.99,0,82.67,0,12.88,0,0.01,4.44,114880,471064.8,3037546.67,80.25,11965.33,522924.27,4201668.8,111,3185638.67,322529.87,16490.67,5.4,4.05,966.43,0,176.4,0,2.8,0.27,5.4,0.24,5.16,0,8.09,1932.86,0,0.79,14351.57,8860.73,1736.53,21044.07,0,5349.35,8558.57,4260.32,2445.78,0,0,0,0,N/A,N/A,N/A,N/A,0.07,173.2,0.05,0.05,0.06,0,0.98,0,0.9,0,0.01,98.12,4937874.4,6361061.33,1108469.6,14.22,38352,1552010.67,5183808,66.52,1714252,929528.27,71.47,0.92,0,5.76,0,6.22,0,0.65,0.04,0.92,0,0.92,0,0,11.52,0,0.07,4684.81,51620.47,1233.07,49982.2,0,5199.48,2682.32,928.66,548.7,0,0,0,0,63261.33,2171306,170734,271030,0.07,160.07,0.12,0.08,0.03,0.07,4.4,0,0.45,0.14,0.01,95,261350.93,2030898.13,1458800.27,38.54,42485.33,1874581.6,2877503.73,76.02,2094190.4,1238807.73,2817.33,2.67,2.34,332.24,0,123.2,0.03,10.16,0.26,2.67,0.07,2.6,0,4.67,664.48,0,0.18,483.43,46818.4,1235.2,45873.73,0,1010.5,496.39,7185.94,33.37,0,0,0,0,0.13,233.6,0.56,0.45,0.41,0.07,5.95,0,1.64,0,0.01,92.4,3136802.93,4773420.27,2693143.2,34.56,40809.07,1757477.6,5182369.07,66.51,3309222.93,1119636.53,80.27,1.14,0,7.17,0,6.27,0,0.69,0.04,1.14,0,1.14,0,0,14.34,0,0.28,2747.47,54536.13,1207.47,52989.67,0,1923.8,1836.55,775.1,5447.74,0,0,0,0,1.8,233.47,0.4,0.34,0.35,0.07,5.83,0,1.68,0,0,92.49,3145015.47,4782953.33,2683501.07,34.44,40958.93,1758631.73,5175312,66.41,3299886.93,1120868.8,94.4,1.13,0,7.28,0,6.44,0,0.7,0.05,1.13,0,1.13,0,0,14.57,0,0.28,2748.16,54429.47,1205.33,52891.93,0,1923.57,1836.85,775.16,5448.89,0,0,0,0
Passthrough,2G,100,1024,0,HTTP Request,1796077,0,0,2993.59,33.3,99,26.79,0,432,39,55,70,106,152,327,4057.72,6639.11,94.26,2048,,,100,4085,,,99.97,2048,,,99.85,4096,13.85,1810.193,99.84,4096,14,2027.982,11.07,1156.47,9.45,8.81,7.86,0,85.1,0,12.65,0,0.02,2.23,153652,444412.8,3066206.4,81,13349.33,458010.67,4205193.87,111.09,3188148.27,285570.67,11533.6,5.48,3.22,970.16,0,178.52,0.01,2.8,0.3,5.48,0.37,5.11,0,6.43,1940.31,0,0.78,14899.94,7658.67,1757.87,18785.87,0,5329.77,6694.19,9269.65,7303.45,0,0,0,0,N/A,N/A,N/A,N/A,0.07,172.8,0.03,0.03,0.02,0.07,1,0,0.97,0,0.01,98.02,4903389.33,6327161.07,1142251.47,14.66,38637.6,1552279.47,5187136,66.56,1749225.33,929385.6,89.6,0.89,0,5.52,0,6.21,0,0.67,0.03,0.89,0,0.89,0,0,11.04,0,0.06,4714.34,51782.47,1245.87,49984.93,0,3322.65,2678.84,3317.79,3062.34,0,0,0,0,63448.26,2133013,155953,273073,0.07,159.73,0.07,0.08,0.07,0.07,4.08,0,0.44,0.14,0.01,95.35,280032.27,2003586.67,1486397.87,39.27,42881.07,1828446.93,2880878.67,76.11,2123846.93,1191130.4,4923.2,2.49,0,330.71,0,131.67,0.02,11.15,0.24,2.49,0,2.49,0,0,661.43,0,0.14,602.3,46868.8,1230.93,46107.53,0,1003.49,495.97,7107.15,33.3,0,0,0,0,1,233.67,0.31,0.35,0.4,0.13,6.16,0,1.65,0,0.01,92.18,3036356.53,4673836.8,2792886.93,35.84,41134.93,1758007.47,5171452,66.36,3409476.53,1119981.87,86.4,1.09,0,6.78,0,6.18,0,0.68,0.04,1.09,0,1.09,0,0,13.56,0,0.12,2731.28,54641.6,1205.33,52989.07,0,1924.11,1818.17,2001.65,6633.14,0,0,0,0,0.87,233.27,0.39,0.34,0.34,0.07,6.33,0,1.68,0,0.01,91.98,3010441.07,4649367.47,2817079.47,36.15,41274.4,1759171.47,5182636.53,66.5,3433407.47,1121269.33,83.73,1.11,0,7.03,0,6.36,0,0.72,0.04,1.11,0,1.11,0,0,14.06,0,0.13,2748.5,54538.47,1216,52895.07,0,1931.33,1829.35,2013.56,6674.08,0,0,0,0
Passthrough,2G,100,10240,0,HTTP Request,1197784,1,0,1996.35,49.95,99,27.75,1,360,61,80,93,118,163,261,20689.09,22396.49,96.05,2048,,,100,3925.5,,,99.98,2048,,,99.9,4096,12.4,289.207,99.89,4096,12.65,72.832,6.12,1154.69,5.76,6.21,7.03,0,78.48,0,15.04,0.01,0.02,6.45,124547,476060.75,3033443,80.14,12851.25,518117,4201649.25,111,3160560,339223,6569,4.75,7.29,672.87,0,153.66,0,2.43,0.3,4.75,0.59,4.16,0,14.58,1345.74,0,1.13,15727.63,8391.12,1732,20057.69,0,10626.88,10782.99,38404.59,36805.98,0,0,0,0,N/A,N/A,N/A,N/A,0.19,173.38,0.05,0.04,0,0.06,0.9,0,1.56,0,0.01,97.53,4994164.75,6418693,1050557.25,13.48,38948.25,1552684,5189308,66.59,1658466.5,929530,195.5,1.01,0,6.1,0,6.01,0,0.66,0.04,1.01,0,1.01,0,0.01,12.2,0,0.07,5787.14,51942.81,1232,49978.94,0,5400.29,5268.53,18118.91,17971.44,0,0,0,0,73153.07,2768317,160629,267493,0.07,159.4,0.06,0.05,0.05,0,2.99,0,0.28,0.1,0.01,96.63,394973.87,2067416,1423124,37.6,43216.53,1777543.47,2871868,75.87,2063251.2,1137230.93,2417.07,1.92,0.15,227.74,0,113.47,0.02,8.61,0.17,1.92,0,1.92,0,0.31,455.47,0,0.13,423.58,47102.6,1237.33,46323.4,0,668.86,333.94,4735.48,22.65,0,0,0,0,0.47,234.13,0.62,0.52,0.42,0,8.18,0,2.04,0,0.01,89.77,3106055.2,4744825.87,2721542.67,34.92,41446.93,1758896.53,5174750.67,66.4,3338985.6,1120733.87,220,1.22,0,7.61,0,6.18,0,0.71,0.05,1.22,0,1.22,0,0.01,15.23,0,0.28,3626.82,54755.13,1207.47,52994.27,0,2917.24,3061.4,9512.8,12814.33,0,0,0,0,1.8,233.73,0.44,0.43,0.39,0.13,8,0,1.96,0,0.01,90.03,3135627.2,4775801.33,2690194.67,34.52,41587.47,1760061.07,5177688,66.44,3307287.47,1121981.87,177.33,1.24,0,7.7,0,6.19,0,0.76,0.05,1.24,0,1.24,0,0.01,15.4,0,0.28,3575.37,54645.93,1205.33,52893.33,0,2821.58,2993.52,9320.97,12488.07,0,0,0,0
Passthrough,2G,100,102400,0,HTTP Request,308277,0,0,513.82,194.43,99,41.1,68,533,217,247,269,301,323,399,51613.31,52008.7,98.56,2048,,,100,3925.5,,,99.99,2048,,,99.93,4096,12.3,434.164,99.93,4096,12.25,506.288,3.8,1154.73,3.04,3.42,4.8,0,71.51,0,24.52,0,0.02,3.95,170485.33,481637.07,3028394.4,80,15845.6,475493.33,4205459.47,111.1,3170867.73,276598.4,2787.73,2.19,3.48,194.76,0,94.55,0,1.82,0.12,2.19,0.12,2.08,0,6.96,389.53,0,0.8,34128.04,8260.53,1734.4,20694.67,0,18386.05,17559.8,97461.7,96974.28,0,0,0,0,N/A,N/A,N/A,N/A,0.13,173.47,0.09,0.06,0.01,0.13,1.18,0,2.69,0,0.01,96.13,5106795.73,6531821.87,937609.07,12.03,39246.93,1552826.93,5185360,66.54,1545039.2,929478.67,184.8,0.99,0,5.81,0,5.89,0,0.67,0.03,0.99,0,0.99,0,0,11.61,0,0.07,8656.65,52103.93,1211.73,49974.4,0,9196.14,9264.68,48243.35,48201.81,0,0,0,0,95848.21,4004082,47289,264579,0.13,160,0.02,0.03,0.03,0,1.08,0,0.12,0.01,0.01,98.78,574585.33,2206904,1283899.2,33.92,43737.87,1737286.67,2881726.4,76.13,1929642.13,1092205.6,1384.53,1.38,0,67.14,0,48.79,0,1.28,0.07,1.38,0,1.38,0,0,134.28,0,0.13,175.64,47287.8,1233.07,46496.27,0,181.54,90.52,1279.65,6.68,0,0,0,0,0.73,233.8,0.54,0.53,0.5,0,10.77,0,2.62,0,0.01,86.6,2964898.4,4605530.67,2860342.93,36.7,41752.27,1760358.13,5180126.93,66.47,3477463.73,1122053.87,214.13,1.22,0,7.43,0,6.05,0,0.68,0.05,1.22,0,1.22,0,0,14.87,0,0.28,6495.84,54859.8,1216,52991.47,0,4235.63,4616.7,24194.81,25087.65,0,0,0,0,0.87,233.6,0.53,0.52,0.46,0,10.86,0,2.63,0,0.01,86.5,2959915.2,4602006.13,2863782.67,36.75,41902.13,1761608.8,5179875.73,66.47,3481393.6,1123377.33,201.33,1.29,0,7.49,0,5.78,0,0.72,0.04,1.29,0,1.29,0,0,14.98,0,0.28,6576.31,54751.67,1209.6,52893.13,0,4198.04,4669.46,24481.54,25389.72,0,0,0,0
Passthrough,2G,200,50,0,HTTP Request,1874855,0,0,3124.73,63.88,199,38.64,0,490,77,106,134,182,212,333,1260.27,3951.69,94.18,2048,,,100,4084.5,,,99.97,2048,,,99.85,4096,14.45,2679.228,99.85,4096,14.5,2752.06,11.27,1156.13,10.85,8.87,6.66,0,85.56,0,12.81,0,0.02,1.62,116411.47,468435.47,3040353.87,80.32,15287.73,516229.33,4202249.07,111.02,3184976,322529.6,12621.87,5.57,1.91,1011.18,0,176.6,0,2.73,0.28,5.57,0.23,5.33,0,3.82,2022.35,0,0.78,13636.08,8465.07,1949.87,20306.87,0,5599.9,10491.19,4460.87,2617.16,0,0,0,0,N/A,N/A,N/A,N/A,0,173.07,0.08,0.08,0.04,0,1.08,0,1.33,0,0.01,97.57,4904407.73,6330281.07,1138747.2,14.61,39558.13,1553297.87,5186128,66.55,1747027.47,929723.47,207.47,0.98,0,5.82,0,5.97,0,0.65,0.04,0.98,0,0.98,0,0,11.65,0,0.07,4951.28,52265,1341.87,50085.13,0,5578.8,2807.33,980.81,574.3,0,0,0,0,66101.33,2229626,259354,271509,0.07,160.07,0.13,0.08,0.02,0.07,4.35,0,0.44,0.16,0.01,95.05,227701.87,1997237.6,1491529.87,39.4,44128.8,1872142.13,2877160.8,76.01,2142312.27,1221965.33,6186.67,2.51,0.01,354.3,0,138.84,0.03,12.62,0.27,2.51,0,2.51,0,0.02,708.59,0,0.13,692.42,47249.07,1226.67,46526.4,0,1057.27,521.71,7500.95,34.98,0,0,0,0,0.07,283.07,0.62,0.57,0.51,0.13,5.92,0,1.69,0,0.01,92.38,3032841.87,4675170.67,2790644.27,35.81,42055.73,1761727.2,5234400,67.17,3406168.53,1123292.53,183.47,1.23,0,7.44,0,6.07,0,0.7,0.05,1.23,0,1.23,0,0,14.88,0,0.18,2783.3,54966.13,1265.07,53041.53,0,2716.56,1926.72,837.01,5706,0,0,0,0,0,283.33,0.76,0.64,0.53,0.07,6.46,0,1.83,0,0.01,91.7,3041541.87,4685666.93,2779808.27,35.67,42222.4,1763319.73,5227312,67.08,3395569.87,1124952.27,206.4,1.15,0,6.69,0,5.78,0,0.71,0.05,1.15,0,1.15,0,0,13.37,0,0.18,2772.78,54856.8,1260.8,52942.33,0,2706.37,1917.08,833.08,5678.91,0,0,0,0
Passthrough,2G,200,1024,0,HTTP Request,1755432,0,0,2925.77,68.24,199,39.77,1,468,81,110,141,190,220,347,4005.79,6488.69,94.35,2048,,,100,4084.5,,,99.97,2048,,,99.84,4096,15.35,3982.425,99.83,4096,15.6,4344.464,11.62,1154.5,9.69,9.47,8.59,0,82.13,0,11.81,0.01,0.02,6.04,123096.75,465955.25,3043021.5,80.39,12688.75,509868.75,4203779.5,111.06,3173782.25,327593.75,14556.25,5.79,7.91,928.11,0,168.88,0,2.67,0.34,5.79,0.63,5.16,0,15.82,1856.22,0,1.12,13211.11,7934.88,1912,20248.19,0,5007,9290,8708.33,7094.36,0,0,0,0,N/A,N/A,N/A,N/A,0.06,173.12,0.12,0.1,0.06,0.12,1.01,0,1.15,0,0.01,97.83,4933677.75,6360299.75,1108616.75,14.23,39847,1553697.5,5192003,66.62,1717359.25,929963.25,185.5,0.98,0,5.86,0,5.98,0,0.66,0.03,0.98,0,0.98,0,0,11.73,0,0.07,4603.71,52427.81,1328,50079.12,0,4793.62,2512.18,3222.31,2874.43,0,0,0,0,65969.01,2201156,287809,273035,0,160,0.1,0.11,0.07,0.13,3.81,0,0.41,0.13,0.01,95.66,351092.8,2059393.33,1429861.6,37.77,44492.27,1811050.4,2875425.6,75.97,2085212.53,1156700.27,5393.33,2.31,0.02,317.67,0,130.54,0.02,9.99,0.22,2.31,0,2.31,0,0.04,635.33,0,0.13,905.65,46214.67,1226.67,46350.8,0,951.85,472.08,6789.81,31.72,0,0,0,0,0.87,284.27,0.46,0.45,0.47,0,5.79,0,1.5,0,0.01,92.7,3101047.73,4744714.4,2720708,34.91,42372.8,1762801.6,5228694.4,67.1,3336924.27,1124232.27,203.73,1.31,0,7.67,0,5.81,0,0.71,0.05,1.31,0,1.31,0,0,15.33,0,0.34,2574.81,55074.33,1250.13,53038.6,0,2485.6,1722.15,1958.93,6308.99,0,0,0,0,0.27,283.53,0.44,0.43,0.47,0.07,6.37,0,1.67,0,0.01,91.95,3096080,4741649.87,2724038.67,34.96,42521.07,1764398.67,5234392,67.17,3340378.93,1125909.07,225.07,1.27,0,7.35,0,5.73,0,0.75,0.05,1.27,0,1.27,0,0,14.69,0,0.33,2585.28,54969.33,1256.53,52943.67,0,2505.71,1736.96,1975.74,6364.69,0,0,0,0
Passthrough,2G,200,10240,0,HTTP Request,1184056,0,0,1973.34,101.2,199,45.82,1,472,122,156,183,229,265,377,20504.71,22138.38,95.82,2048,,,100,3925.5,,,99.98,2048,,,99.88,4096,14.2,2317.189,99.87,4096,15.25,3838.176,6.33,1155,6.37,6.58,7.51,0,79.22,0,16.54,0,0.02,4.21,131279.73,447064.53,3062319.47,80.9,13173.87,482722.67,4204056.8,111.06,3196381.07,295631.73,15174.67,4.28,1.44,674.23,0,155.84,0,2.5,0.22,4.28,0.15,4.14,0,2.89,1348.46,0,0.79,15985.44,7936.33,1937.07,20269,0,11675.28,11338.42,39746.63,37812.77,0,0,0,0,N/A,N/A,N/A,N/A,0.13,172.6,0.08,0.07,0.07,0.13,1.11,0,1.94,0,0.01,96.95,4970928.8,6398160,1070464.8,13.74,40137.6,1553968.27,5192656,66.64,1680112.8,930082.67,174.13,1.02,0,5.92,0,5.79,0,0.67,0.04,1.02,0,1.02,0,0,11.83,0,0.07,6397.24,52589.53,1292.8,50078.33,0,5548.03,5606.92,18590.13,18475.17,0,0,0,0,76465.23,2964367,231225,270139,0.07,160.07,0.04,0.05,0.06,0.07,2.87,0,0.32,0.09,0.01,96.71,383820.27,2066542.67,1422819.73,37.59,44882.4,1785233.6,2877804.27,76.02,2085119.47,1124291.47,5427.73,1.96,0,231.5,0,112.31,0.01,8.77,0.17,1.96,0,1.96,0,0.01,463,0,0.14,617.4,45969.13,1222.4,46431.13,0,681.24,336.45,4883.27,22.83,0,0,0,0,0.2,283.6,0.9,0.75,0.62,0.07,8.43,0,2.19,0,0.01,89.37,3028205.33,4672929.07,2792512.27,35.83,42698.13,1763474.13,5238473.6,67.22,3409149.33,1124766.93,199.2,1.35,0,8.09,0,6.09,0,0.74,0.05,1.35,0,1.35,0,0,16.18,0,0.34,3709.94,55179.47,1262.93,53038.47,0,3151.59,3404.37,9685.8,13250.67,0,0,0,0,0.6,283.53,0.45,0.43,0.43,0.13,8.46,0,2.14,0,0.01,89.4,3060761.6,4707635.47,2757525.33,35.39,42837.87,1765317.87,5232712.8,67.15,3374417.87,1126692,194.13,1.23,0,7.41,0,5.98,0,0.74,0.05,1.23,0,1.23,0,0,14.82,0,0.34,3675.68,55074.6,1258.67,52943.47,0,2969.59,3343.53,9569.64,12913.36,0,0,0,0
Passthrough,2G,200,102400,0,HTTP Request,283768,0,0,472.83,423.07,200,70.35,158,932,463,511,547,591,635,783,47502.1,47859.49,98.61,2048,,,100,3925.5,,,99.98,2048,,,99.92,4096,14.05,2100.107,99.92,4096,13.95,1955.15,4.2,1156.07,3.32,3.68,5.13,0,73.38,0,24.85,0,0.02,1.75,148612,469523.47,3039916.27,80.31,13647.2,487200.8,4208231.47,111.17,3174705.87,284109.6,880.53,2.14,4.47,180.82,0,88.73,0,1.73,0.12,2.14,0.19,1.95,0,8.94,361.64,0,0.78,31502.88,8790.27,1924.27,21020.4,0,18810.28,19372.59,94386.89,92442.05,0,0,0,0,N/A,N/A,N/A,N/A,0,173.4,0.13,0.12,0.09,0.07,1.17,0,2.83,0,0.01,95.98,5080312,6508134.93,960532,12.33,40445.33,1554244.8,5191092,66.61,1568825.07,930187.73,180.53,1.06,0,6.04,0,5.72,0,0.67,0.04,1.06,0,1.06,0,0,12.09,0,0.07,8202.34,52755.47,1324.8,50069.2,0,9506.61,9391.16,45939.86,46250.21,0,0,0,0,93752.98,3698357,46083,269124,0.07,161.47,0.03,0.03,0.01,0.07,1.07,0,0.11,0.01,0.01,98.81,543966.13,2183623.47,1306058.93,34.51,45272,1742190.13,2874560,75.94,1976229.07,1074041.87,1008.8,1.38,0,65.98,0,48.74,0,1.25,0.06,1.38,0,1.38,0,0,131.97,0,0.13,149.86,46152,1262.93,46606,0,173.34,86.75,1228.68,6.43,0,0,0,0,0.6,283.73,0.47,0.51,0.56,0,10.44,0,2.7,0,0.01,86.84,2936392.27,4582512.27,2882724,36.99,43009.6,1764460.53,5244978.4,67.31,3498825.33,1125626.13,207.2,1.24,0,7.68,0,6.18,0,0.71,0.05,1.24,0,1.24,0,0,15.37,0,0.18,6289.25,55285.67,1245.87,53040.07,0,4964.84,4815.69,23328.38,24769.42,0,0,0,0,1,283.47,0.47,0.52,0.51,0.07,10.53,0,2.69,0,0.01,86.77,2940760.8,4589222.93,2876085.07,36.91,43146.13,1766621.87,5235316,67.18,3493002.67,1127869.6,187.47,1.26,0,7.65,0,5.98,0,0.72,0.05,1.26,0,1.26,0,0,15.3,0,0.18,6240.45,55181.13,1265.07,52945.4,0,4973.14,4765.94,23151.3,24565.6,0,0,0,0
Passthrough,2G,300,50,0,HTTP Request,1906442,0,0,3176.88,94.29,299,50.33,0,538,114,155,192,240,275,379,1281.3,4017.64,93.95,2048,,,100,4084.5,,,99.97,2048,,,99.84,4096,16.5,5648.369,99.85,4096,15.65,4417.296,13.81,1155.69,9.99,8.46,6.67,0.06,81.46,0,12,0.01,0.02,6.51,118927.25,473813,3034286.25,80.16,14621.25,519858.5,4204794.5,111.08,3179694.25,324112,13078.75,5.59,1.75,1002.49,0,175.05,0,2.78,0.28,5.59,0.18,5.41,0,3.51,2004.98,0,0.93,12443.59,8919.06,2126,20508,0,5358.81,10505.48,4265.78,2534.35,0,0,0,0,N/A,N/A,N/A,N/A,0.07,173.13,0.1,0.08,0.08,0.07,1.1,0,1.35,0,0.01,97.53,4935865.6,6364350.93,1103758.4,14.16,40736,1554642.93,5191208,66.62,1713738.67,930409.87,195.2,1,0,5.9,0,5.89,0,0.68,0.04,1,0,1,0,0,11.81,0,0.07,4931.55,52913.47,1444.27,50181.4,0,5474.2,2752.45,961.99,563.12,0,0,0,0,71930.98,2302152,346037,272500,0.07,162.67,0.06,0.05,0.01,0.13,3.96,0,0.43,0.15,0.01,95.46,277812.8,2047180.53,1440651.47,38.06,45640.27,1869645.33,2883160.53,76.16,2118660,1193730.4,3761.33,2.49,0.07,337.9,0,129.7,0.03,12.07,0.26,2.49,0.01,2.48,0,0.13,675.8,0,0.14,920.39,45367.93,1250.13,46623.2,0,1035.95,515.21,7350.8,34.57,0,0,0,0,0,334.73,0.53,0.49,0.47,0.07,6.14,0,1.74,0,0.01,92.12,3112849.33,4760021.87,2704640.53,34.71,43380.8,1765160.27,5293060,67.92,3319665.07,1126196.27,195.47,1.28,0.03,8,0,6.31,0,0.7,0.05,1.28,0.01,1.27,0,0.06,16,0,0.39,2694.29,55397.2,1309.87,53088.47,0,2890.61,1879.86,832.46,5567.17,0,0,0,0,0.93,333.8,0.62,0.63,0.56,0.07,6.3,0,1.72,0,0.01,91.97,3111541.33,4761266.4,2703170.13,34.69,43456.8,1767453.6,5279537.6,67.75,3318297.87,1128572.53,205.87,1.23,0,7.6,0,6.18,0,0.69,0.04,1.23,0,1.23,0,0,15.19,0,0.39,2688.03,55288.13,1305.6,52991.47,0,2901.52,1886.12,835.4,5588,0,0,0,0
Passthrough,2G,300,1024,0,HTTP Request,1783651,0,0,2972.32,100.8,299,53.54,1,667,120,160,200,254,301,443,4028.88,6591.92,93.94,2048,,,100,4084.5,,,99.97,2048,,,99.86,4096,15.75,4562.253,99.82,4096,17.2,6661.653,12.4,1154.53,10.36,9.48,8.45,0.13,85.2,0,12.24,0,0.02,2.54,128251.47,469898.4,3038321.87,80.27,12515.2,508640.53,4202895.47,111.04,3168141.33,326557.07,12421.33,5.37,1.94,958.89,0,174.75,0,2.73,0.26,5.37,0.19,5.18,0,3.63,1917.77,0,0.79,13120.5,8263.93,2158.93,20488.27,0,5257.01,10319.14,9148.42,7449.21,0,0,0,0,N/A,N/A,N/A,N/A,0.2,173.13,0.08,0.06,0.07,0.07,1.06,0,1.26,0,0.01,97.66,4920974.93,6350042.93,1118304.27,14.35,41038.13,1554918.4,5191760,66.62,1729372.27,930531.73,189.87,1.02,0,6.14,0,6.03,0,0.65,0.04,1.02,0,1.02,0,0,12.29,0,0.07,4675.91,53070.8,1440,50190.73,0,5216.96,2638.08,3397.08,3019.86,0,0,0,0,67481.09,2137891,277972,271820,0.4,163.13,0.09,0.08,0.02,0.07,3.91,0,0.41,0.2,0.01,95.47,280353.07,1998265.6,1490062.67,39.36,45906.13,1818444.53,2880934.4,76.11,2175991.47,1134633.33,5998.93,2.56,0.28,336.7,0,128.97,0.04,16.39,0.3,2.56,0,2.56,0,0.56,673.4,0,0.15,828.41,40896.2,1258.67,46744.2,0,992.12,493.4,7042.28,33.13,0,0,0,0,1.07,335.13,0.34,0.36,0.4,0.07,6.22,0,1.61,0,0.01,92.16,3026601.07,4675039.47,2789443.73,35.8,43717.33,1766035.2,5297224,67.98,3404676,1126936.8,202.4,1.12,0,6.9,0,6.13,0,0.7,0.04,1.12,0,1.12,0,0,13.8,0,0.24,2648.72,55500.13,1309.87,53086.2,0,2794.97,1804.95,2044.25,6593.09,0,0,0,0,0.33,333.6,0.31,0.32,0.42,0.07,6.53,0,1.73,0,0,91.74,3010081.6,4661143.2,2803386.93,35.98,43763.47,1768378.67,5288518.67,67.87,3418765.33,1129356,189.6,1.24,0,7.43,0,5.98,0,0.69,0.05,1.24,0,1.24,0,0,14.87,0,0.39,2638.86,55394.8,1316.27,52993.93,0,2787.83,1799.18,2037.85,6573.21,0,0,0,0
Passthrough,2G,300,10240,0,HTTP Request,1207885,0,0,2012.52,148.9,299,61.53,2,596,179,226,265,317,359,469,20856.78,22577.97,95.7,2048,,,100,3925.5,,,99.97,2048,,,99.88,4096,15.75,4562.253,99.87,4096,15.85,4706.503,4.88,1149.38,6.03,6.49,7.45,0,79.37,0,15.49,0.01,0.02,5.12,129125.25,468748.5,3039472.25,80.3,12751.5,506308.75,4198968,110.93,3162994.75,328841,7884.5,4.83,5.9,681.05,0,154.42,0,2.54,0.3,4.83,0.59,4.24,0,11.79,1362.1,0,1.13,15207.42,8480.38,2100,20536.94,0,12188.53,11445.22,39153.85,37028.92,0,0,0,0,N/A,N/A,N/A,N/A,0.19,173.38,0.1,0.1,0.08,0.12,1.1,0,1.9,0,0.01,96.98,4988687.75,6418442.25,1049595.5,13.47,41318.25,1555219,5188876,66.59,1661212,930712.25,170.25,1.02,0,5.94,0,5.81,0,0.64,0.04,1.02,0,1.02,0,0,11.89,0,0.06,6234.04,53234.75,1434,50167.56,0,5430.92,5775.71,18208.23,18126.63,0,0,0,0,80347.84,2989410,255746,272411,0,166.5,0.09,0.08,0.03,0.06,2.75,0,0.3,0.09,0.01,96.85,392551.75,2066412.25,1422346.5,37.58,46136.25,1774591.75,2880211.5,76.09,2117485.25,1082431.5,1392.5,2.14,0.01,234.72,0,105.67,0.01,7.53,0.17,2.14,0,2.14,0,0.02,469.45,0,0.2,657.53,40182.31,1256,46556.38,0,669.68,334.79,4742.36,22.69,0,0,0,0,5.12,323.25,0.49,0.41,0.38,0,7.91,0,2.07,0,0.01,90,3271114.25,4920706,2543816.25,32.64,44048.75,1766787.75,4998118.5,64.14,3161205.5,1127559,210,1.47,0,9.07,0,6.34,0,0.7,0.06,1.47,0,1.47,0,0,18.15,0,0.38,3614.32,55603.06,1282,53062.94,0,3276.72,3553.76,9426.12,12991.2,0,0,0,0,0.31,322.06,0.42,0.4,0.38,0,8.17,0,2.11,0,0,89.71,3264902,4917064.75,2547621.25,32.69,44074.25,1769118,4991790.5,64.06,3164856.5,1129960,291.5,1.23,0,7.66,0,6.23,0,0.76,0.05,1.23,0,1.23,0,0,15.22,0,0.39,3606.71,55495.31,1272,52967.94,0,3059.21,3521.49,9418.01,12778.4,0,0,0,0
Passthrough,2G,300,102400,0,HTTP Request,287468,0,0,478.93,626.27,299,87.27,180,1151,679,739,779,831,871,1007,48108.91,48477.46,98.54,2048,,,100,3925.5,,,99.98,2048,,,99.91,4096,15.65,4417.296,99.9,4096,15.55,4272.339,4.5,1155.44,3.35,3.79,5.18,0,69.86,0,23.17,0,0.01,6.96,193603.5,459545.25,3050096,80.58,13102.25,433593.25,4207552,111.16,3182621.75,226682.75,1166.5,2.14,3.78,184.17,0,92.49,0,1.78,0.12,2.14,0.15,1.99,0,7.57,368.35,0,0.81,29487.18,8471.31,2068,20528.12,0,19438.84,18524.53,91466.69,88279.59,0,0,0,0,N/A,N/A,N/A,N/A,0.13,173.47,0.07,0.07,0.08,0.07,1.18,0,2.81,0,0.01,96,5100431.73,6530961.07,937220.53,12.03,41618.4,1555620.8,5191400.8,66.62,1546754.4,930982.67,196,1,0,5.73,0,5.75,0,0.66,0.04,1,0,1,0,0,11.46,0,0.07,7924.75,53393.13,1369.6,50137.67,0,9330.7,9814.23,44856.05,45487.92,0,0,0,0,95769.93,3700562,49125,272522,0,160.47,0.02,0.02,0.01,0.07,1.03,0,0.11,0.01,0.01,98.85,555092,2186097.6,1303062.13,34.43,46504.53,1731784.8,2875155.47,75.96,2008064.8,1029888.8,1219.73,1.43,0,64.29,0,45.93,0,1.24,0.07,1.43,0,1.43,0,0,128.57,0,0.15,165.2,40368.53,1250.13,46727.27,0,169.67,85.51,1192.51,6.38,0,0,0,0,1.27,334.87,0.59,0.48,0.41,0.07,10.38,0,2.68,0,0.01,86.92,3002872.8,4653307.2,2810987.73,36.07,44347.47,1767381.33,5299749.07,68.01,3424975.47,1128020.53,196.27,1.34,0,7.93,0,6.02,0,0.7,0.05,1.34,0,1.34,0,0,15.87,0,0.39,6129.36,55719.93,1303.47,53087.73,0,4816.99,5098.81,22622.4,24536.83,0,0,0,0,1.27,333.73,0.46,0.44,0.4,0.07,10.51,0,2.67,0,0,86.81,2959093.6,4612330.93,2851904.27,36.6,44395.2,1769930.93,5284415.2,67.81,3467793.6,1130641.87,191.2,1.25,0,7.65,0,6.13,0,0.73,0.05,1.25,0,1.25,0,0,15.29,0,0.39,6139.19,55607.8,1288.53,52988.67,0,4850.27,5105.63,22707.61,24620.65,0,0,0,0
Passthrough,2G,500,50,0,HTTP Request,1829919,0,0,3048.66,163.88,499,74.97,1,703,201,263,307,365,407,531,1271.27,3855.48,93.97,2048,,,99.99,4084,,,99.97,2048,,,99.85,4096,19.2,9557.962,99.82,4096,20.65,11.385,11.67,1154.47,10.55,8.55,6.61,0.07,85.21,0,12.43,0,0.01,2.35,120684.53,450288,3056999.47,80.76,14754.67,494261.33,4207399.73,111.16,3203720.27,296886.93,17002.13,5.5,2.13,986.74,0,175.46,0,2.74,0.28,5.5,0.23,5.26,0,4.26,1973.49,0,0.79,12218.61,8443,2502.4,21000.93,0,5402.37,10748,4299.28,2608.56,0,0,0,0,N/A,N/A,N/A,N/A,0.13,173,0.06,0.04,0.03,0.07,1.11,0,1.42,0,0,97.47,4904215.73,6335422.93,1132313.87,14.53,41935.2,1555862.67,5189112,66.59,1744154.13,931073.07,169.6,1.01,0,5.75,0,5.72,0,0.68,0.03,1.01,0,1.01,0,0,11.52,0,0.07,4814.01,53558.07,1587.2,50373.47,0,5385.14,2709.57,945.97,553.84,0,0,0,0,72710.43,2198816,343162,273955,0.2,162.13,0.11,0.09,0.03,0,3.95,0,0.42,0.15,0.01,95.47,228496.8,1994745.07,1492490.67,39.43,46909.6,1864700,2872670.93,75.89,2207979.2,1152860.27,5213.6,2.46,0,339.96,0,134.87,0.03,12.11,0.25,2.46,0,2.46,0,0,679.91,0,0.13,828.06,39821.13,1243.73,46228.8,0,1019.98,505.24,7272.24,33.91,0,0,0,0,0.53,434.2,0.48,0.51,0.48,0.07,6.01,0,1.77,0,0.01,92.21,3009942.93,4661653.87,2801364.27,35.95,44656,1768228.27,5395054.67,69.23,3413026.93,1128740.27,208.8,1.23,0,7.47,0,6.15,0,0.71,0.05,1.23,0,1.23,0,0,14.94,0,0.35,2713.28,55826.93,1405.87,53191.13,0,2934.41,1857.33,849.32,5516.88,0,0,0,0,0.53,433.27,0.49,0.44,0.4,0.07,6.39,0,1.88,0,0,91.72,3004731.47,4658885.33,2804188.8,35.99,44709.07,1770522.93,5387983.2,69.14,3415907.2,1131106.93,203.73,1.31,0,7.89,0,6.05,0,0.71,0.04,1.31,0,1.31,0,0,15.78,0,0.5,2697.19,55715.13,1408,53092.2,0,2926.06,1851.34,846.69,5500.72,0,0,0,0
Passthrough,2G,500,1024,0,HTTP Request,1757719,0,0,2928.28,170.61,499,73.83,0,702,206,267,311,371,411,523,4009.22,6494.26,94.28,2048,,,99.99,3925.5,,,99.97,2048,,,99.83,4096,20.7,11.455,99.85,4096,19.5,9992.833,7.81,1144.19,9.24,8.93,8.24,0.06,83.12,0,12.05,0.01,0.02,4.8,121828,460814.5,3046456.25,80.48,12686.75,505526,4193275.5,110.78,3176066.75,322939,16371.5,5.55,5.27,893.74,0,169.83,0,2.74,0.34,5.55,0.51,5.03,0,10.5,1787.48,0,1.15,12016.74,7940.44,2444,20963.69,0,4920.79,9779.02,8543.62,7006.02,0,0,0,0,N/A,N/A,N/A,N/A,0.06,173.06,0.06,0.06,0.02,0.12,0.98,0,1.27,0,0,97.75,4964836.75,6396575.5,1071013,13.74,42281.25,1556134.5,5186876,66.56,1683533.5,931221.25,174.5,1.07,0.03,6.45,0,6.05,0,0.66,0.04,1.07,0.01,1.06,0,0.06,12.9,0,0.07,4412.29,53719.44,1564,50336.56,0,4904.85,2473.81,3180.02,2825.9,0,0,0,0,68883.77,2106082,291141,270332,0,166,0.08,0.07,0.04,0.12,3.71,0,0.39,0.16,0.01,95.73,358959,2066978.25,1420778.25,37.53,47283.75,1806664.75,2879567.75,76.07,2144750,1086404.75,4422.5,2.35,0,320.19,0,128.54,0.03,13.69,0.28,2.35,0,2.35,0,0.01,640.38,0,0.2,833.42,36426.56,1228,43567.19,0,928.79,461.47,6611.1,31.01,0,0,0,0,0.56,417.31,0.42,0.39,0.42,0,5.81,0,1.63,0,0.01,92.55,3252376.25,4905659.5,2557356.75,32.82,44947.25,1769462.25,5093944.5,65.37,3171004.75,1129850.75,305.5,1.26,0,7.53,0,5.99,0,0.7,0.05,1.26,0,1.26,0,0,15.07,0,0.48,2544.59,55926.69,1356,53153.69,0,2661.11,1683.25,1927.55,6157.12,0,0,0,0,0.12,416.06,0.97,0.77,0.56,0,6.26,0,1.74,0,0.01,91.99,3259150.25,4914511.25,2548398.75,32.7,45012,1771303.5,5083593.5,65.23,3162180.5,1131764,299.5,1.27,0,7.69,0,6.06,0,0.72,0.05,1.27,0,1.27,0,0,15.39,0,0.48,2529.5,55818.12,1364,53057.88,0,2666.89,1687.82,1932.2,6173.36,0,0,0,0
Passthrough,2G,500,10240,0,HTTP Request,1199112,0,0,1997.53,250.27,499,90.99,2,813,299,373,425,487,531,667,20728.62,22409.8,95.58,2048,,,100,3925.5,,,99.98,2048,,,99.86,4096,20.1,10.607,99.86,4096,19.55,10064.958,7.31,1155.62,5.86,6.29,7.23,0.06,77.46,0,15.46,0,0.01,7.07,131862.5,475840.5,3031225.25,80.08,13606.75,509622.5,4206396.25,111.13,3151973.75,334550,10104,4.3,5.34,660.22,0,152.63,0,2.5,0.23,4.3,0.32,3.98,0,10.68,1320.44,0,0.8,13933.29,8010.5,2478,21021.19,0,13058.4,12016.57,38628.83,37074.02,0,0,0,0,N/A,N/A,N/A,N/A,0.07,173.47,0.09,0.07,0.02,0.07,1.15,0,1.89,0,0.01,96.95,4975684,6408422.4,1058723.47,13.59,42609.33,1556736.8,5189224,66.59,1672068.53,931661.33,190.13,0.99,0,5.87,0,5.94,0,0.66,0.04,0.99,0,0.99,0,0,11.75,0,0.07,6448.7,53880.13,1627.73,50357.8,0,5546.13,6347.87,18537.37,18435.04,0,0,0,0,86445.02,3042506,318964,268395,0.2,162,0.05,0.05,0.03,0,2.78,0,0.3,0.09,0.01,96.82,409499.47,2085352.27,1402841.33,37.06,47669.07,1774491.47,2875033.87,75.95,2138205.07,1043979.73,3594.67,1.98,0,237.54,0,115.21,0.01,8.49,0.17,1.98,0,1.98,0,0,475.07,0,0.13,691.42,35145.4,1233.07,42282.27,0,681.26,338.06,4855.11,22.93,0,0,0,0,0.73,434.47,0.71,0.59,0.51,0,8.5,0,2.25,0,0.01,89.24,3020412.53,4674920.53,2787709.07,35.77,45258.67,1770353.87,5400694.67,69.31,3400812.8,1130609.33,213.6,1.36,0,8.08,0,6.02,0,0.72,0.04,1.36,0,1.36,0,0,16.16,0,0.5,3702.37,56041,1390.93,53184.53,0,3581.98,3821.38,9637.41,12928.55,0,0,0,0,0.67,433.67,0.56,0.62,0.66,0.07,8.59,0,2.28,0,0.01,89.12,3048611.73,4705186.67,2757629.6,35.39,45309.07,1772200.27,5394860,69.23,3370811.73,1132522.93,198.13,1.25,0,7.53,0,6.04,0,0.71,0.05,1.25,0,1.25,0,0,15.07,0,0.5,3711.68,55931.8,1399.47,53088.2,0,3441.52,3810.5,9623.7,12857.02,0,0,0,0
Passthrough,2G,500,102400,0,HTTP Request,275093,0,0,458.07,1090.58,499,122.02,414,1754,1175,1255,1303,1367,1407,1575,46019.33,46365.56,98.54,2048,,,100,3925.5,,,99.99,2048,,,99.9,4096,18.95,9195.924,99.88,4096,18.8,8978.842,4.53,1154.4,3.22,3.66,5.04,0,73.46,0,23.21,0,0.01,3.32,174408.8,447605.87,3060341.33,80.85,14920,438641.07,4207272,111.15,3157912.27,248564,1949.07,2.06,1.25,172.19,0,85.52,0,1.72,0.1,2.06,0.09,1.97,0,2.5,344.38,0,0.79,29394.78,8032.07,2453.33,21033.53,0,21525.7,18678.16,91869.1,87967.57,0,0,0,0,N/A,N/A,N/A,N/A,0.2,173.8,0.13,0.09,0.03,0,1.21,0,2.96,0,0.01,95.83,5084861.6,6518533.87,949136.53,12.18,42929.6,1557321.87,5189288,66.59,1558911.2,932127.2,193.33,1.06,0,5.89,0,5.55,0,0.67,0.04,1.06,0,1.06,0,0,11.79,0,0.07,7548.02,54045.47,1512.53,50297.13,0,9198.54,10277.43,43783.16,44620.59,0,0,0,0,93831.15,3455143,46222,277315,0,159.27,0.03,0.03,0,0.07,1.02,0,0.12,0.01,0.01,98.85,547634.67,2185671.2,1302478.67,34.41,48038.67,1736602.93,2876456,75.99,2050053.33,993909.6,737.07,1.4,0.02,63.21,0,45.94,0,1.25,0.06,1.4,0,1.39,0,0.04,126.41,0,0.13,168.79,35331.8,1226.67,42453.87,0,166.3,83.89,1168.87,6.25,0,0,0,0,0.6,434.73,0.5,0.49,0.48,0.13,10.34,0,2.61,0,0.01,87.04,2851897.87,4507606.4,2955066.13,37.92,45603.2,1771145.07,5394741.07,69.23,3566326.93,1131275.2,186.93,1.4,0,7.91,0,5.67,0,0.69,0.06,1.4,0,1.4,0,0,15.82,0,0.35,6025.93,56148.27,1390.93,53188.4,0,4759.48,5701.25,22068.19,24174.11,0,0,0,0,0.33,433.8,0.47,0.43,0.47,0.07,10.22,0,2.52,0,0.01,87.24,2911180,4569110.93,2893674.93,37.13,45636.8,1773123.73,5379284,69.03,3505160.8,1133317.33,173.07,1.31,0,7.58,0,5.71,0,0.72,0.05,1.31,0,1.31,0,0,15.16,0,0.5,6059.44,56036.27,1390.93,53089.47,0,4804.45,5719.12,22165.97,24287.48,0,0,0,0
Passthrough,2G,1000,50,0,HTTP Request,1783106,0,0,2969.33,336.82,1000,122.46,4,1259,411,501,559,627,675,827,1238.19,3755.16,93.42,2048,,,99.99,4083,,,99.97,2048,,,99.82,4096,28.05,21.85,99.83,4096,27.4,20.931,13.12,1116.75,9.88,8.19,6.43,0.06,83.84,0,11.56,0.01,0.02,4.58,123055.5,425886.25,3078822,81.34,12739.25,469455.5,4164433.5,110.02,3216122,277755.75,16216,5.59,2.72,920.44,0,163.18,0,2.63,0.28,5.59,0.29,5.3,0,5.45,1840.88,0,1.13,11012.1,8826.75,3390,21909.38,0,4964.22,9863.86,3939.81,2396.76,0,0,0,0,N/A,N/A,N/A,N/A,0.19,172.56,0.06,0.06,0.03,0.12,0.98,0,1.25,0,0,97.76,4962365.25,6396801,1069196.75,13.72,43226.75,1557603,5185792,66.55,1682893.25,932287,178,1.08,0,5.98,0,5.55,0,0.66,0.03,1.08,0,1.08,0,0,11.95,0,0.07,4375.87,54203.5,2052,50789.81,0,4932.06,2483.4,866.16,507.23,0,0,0,0,72488.20,2094749,341568,275694,0.19,162.44,0.09,0.06,0.01,0,3.82,0,0.4,0.14,0.01,95.64,308609.25,2073211,1413119.75,37.33,48446.75,1860934.25,2880678.75,76.1,2172196.5,1106823.5,5778,2.45,0,318.75,0,123.37,0.03,10.78,0.24,2.45,0,2.45,0,0.01,637.49,0,0.14,750.57,34791.25,1236,41957.88,0,935.82,463.87,6660.54,31.16,0,0,0,0,0.94,653.69,0.44,0.42,0.43,0.06,5.55,0,1.63,0,0.01,92.81,3001157.75,4658632.25,2801684.25,35.95,45928.5,1772535,5620287.75,72.12,3404117.5,1132544.25,199.25,1.35,0,7.79,0,5.77,0,0.72,0.05,1.35,0,1.35,0,0,15.58,0,0.74,2513.68,56257.44,1628,53416.25,0,2701.95,1711.73,783.52,5068.19,0,0,0,0,0.88,652.44,0.56,0.47,0.44,0,5.86,0,1.76,0,0,92.37,3051697.5,4710834.25,2749078.25,35.28,45930.25,1773923,5619140.75,72.11,3351676.25,1133995.5,259,1.29,0,7.49,0,5.73,0,0.73,0.04,1.29,0,1.29,0,0,14.99,0,0.74,2473.64,56147.06,1634,53319,0,2678,1696.04,776.46,5023.12,0,0,0,0
Passthrough,2G,1000,1024,0,HTTP Request,1670609,0,0,2782.02,359.4,999,124.07,17,1098,435,531,587,655,703,827,3808.98,6169.89,93.83,2048,,,99.99,3925.5,,,99.97,2048,,,99.82,4096,28.4,22.345,99.82,4096,28.45,22.415,9.31,1156.31,9.37,8.93,8.16,0.06,82.46,0,11.37,0.01,0.02,6.15,113087.5,447273,3056671.25,80.75,12219.25,500807.25,4208911,111.19,3187793,313926,15126.5,6.26,18.44,852.35,0,152.21,0,2.41,0.41,6.26,1.28,4.99,0,36.87,1704.7,0,1.16,11073.69,8546.81,3386,21986.06,0,4681.46,9292.57,8105.16,6652.81,0,0,0,0,N/A,N/A,N/A,N/A,0.06,173.38,0.05,0.06,0.02,0.06,0.91,0,1.24,0,0,97.84,4944487.5,6379814.75,1085667.25,13.93,43562.25,1558126,5189456,66.59,1699911.75,932671.5,181.25,1.09,0,6.01,0,5.52,0,0.66,0.03,1.09,0,1.09,0,0,12.03,0,0.07,4323,54364,2092,50835.69,0,4652.05,2347.57,3013.18,2677.61,0,0,0,0,67017.01,2065366,296267,270887,0.2,162.2,0.05,0.06,0.01,0,3.71,0,0.38,0.13,0.01,95.76,363931.73,2072227.73,1414908.27,37.38,48790.13,1805069.33,2881991.73,76.14,2172885.33,1052140.8,3608.27,2.49,0,297.58,0,114.94,0.02,10.19,0.22,2.49,0,2.49,0,0,595.15,0,0.15,760.14,31710.73,1230.93,39063.47,0,887.75,440.35,6317.01,29.68,0,0,0,0,0.27,685.07,0.48,0.48,0.44,0.13,5.61,0,1.57,0,0.01,92.82,2977470.67,4636093.6,2823600.8,36.23,46242.93,1773382.93,5655004.8,72.57,3425631.73,1133260,184.8,1.33,0,7.66,0,5.66,0,0.74,0.05,1.33,0,1.33,0,0,15.33,0,0.78,2473.18,56362.93,1636.27,53421.53,0,2543.74,1610.89,1843.48,5878.44,0,0,0,0,0.6,683.33,0.38,0.4,0.42,0.07,6.03,0,1.67,0,0,92.29,2974336.53,4634557.07,2825139.2,36.25,46250.67,1774627.2,5648084.27,72.48,3427055.73,1134561.33,252.53,1.32,0,7.45,0,5.57,0,0.73,0.04,1.32,0,1.32,0,0,14.9,0,0.78,2456.68,56254.13,1627.73,53325.93,0,2556.59,1619.02,1852.12,5907.16,0,0,0,0
Passthrough,2G,1000,10240,0,HTTP Request,1168625,0,0,1945.34,513.83,999,157.48,46,1348,607,731,811,903,959,1135,20186.92,21824.34,95.46,2048,,,99.99,3925.5,,,99.98,2048,,,99.84,4096,27.5,21.072,99.83,4096,28.05,21.85,6.93,1154.6,6.37,6.56,7.3,0,80.05,0,16.08,0,0.02,3.86,129287.2,427680.8,3076983.2,81.29,15270.13,462822.4,4206600,111.13,3212912.8,270130.67,11424,4.49,5.72,677.76,0,150.52,0,2.43,0.24,4.49,0.31,4.18,0,11.44,1355.51,0,0.79,13882.5,8046.2,3396.27,21694.6,0,13881.14,12571.07,38825.02,37380.11,0,0,0,0,N/A,N/A,N/A,N/A,0.33,173.53,0.09,0.07,0.01,0.07,1.24,0,1.88,0,0.01,96.88,4957362.4,6393453.33,1072110.67,13.76,43858.93,1558587.73,5189324,66.59,1687078.67,932993.07,196.27,1.07,0,5.83,0,5.46,0,0.68,0.04,1.07,0,1.07,0,0,11.66,0,0.07,6578.03,54527.8,2018.13,50775.4,0,5495.48,6809.58,18325.81,18254.21,0,0,0,0,85898.35,3058514,323232,269877,0,163.47,0.05,0.05,0.01,0,2.75,0,0.3,0.11,0.01,96.84,359233.33,2069871.73,1417107.47,37.44,49136.27,1806990.67,2882200.27,76.14,2183844.53,1046171.73,3720.53,2.19,0,237.54,0,105.53,0.02,9.41,0.19,2.19,0,2.19,0,0,475.09,0,0.16,618.03,31432.93,1224.53,38844.07,0,675.78,336.55,4798.67,22.88,0,0,0,0,2.8,684.53,0.6,0.49,0.43,0.13,8.46,0,2.23,0,0.01,89.31,2871326.13,4532868,2926904,37.56,46545.07,1775830.13,5654656.27,72.56,3529121.33,1135576.27,207.2,1.32,0,7.76,0,5.78,0,0.69,0.05,1.32,0,1.32,0,0,15.51,0,0.78,3751.69,56465.13,1651.2,53426.87,0,3695.76,3863.85,9520.03,12660.38,0,0,0,0,0.6,684,0.46,0.38,0.36,0.07,8.37,0,2.3,0,0.01,89.32,2904829.6,4568105.33,2891346.67,37.1,46556.27,1777323.73,5649272,72.49,3493921.07,1137125.33,201.33,1.3,0,7.47,0,5.73,0,0.75,0.04,1.3,0,1.3,0,0,14.94,0,0.78,3755.55,56363.13,1636.27,53337.8,0,3705.92,3876.3,9551.2,12702.03,0,0,0,0
Passthrough,2G,1000,102400,0,HTTP Request,273297,0,0,454.75,2194.47,997,179.81,637,3134,2319,2431,2495,2575,2655,2943,45685.94,46029.67,98.31,2048,,,0,3925.5,,,99.98,2048,,,99.84,4096,27.15,20.577,99.83,4096,27.4,20.931,4.33,1156.33,3.16,3.58,5.02,0,74.65,0,23.34,0,0.02,2,143281.33,386804.53,3118573.33,82.39,15336.8,408492.53,4208837.6,111.19,3183702.67,205963.73,2533.87,2.15,1.83,174.32,0,85.77,0,1.78,0.1,2.15,0.18,1.97,0,3.66,348.64,0,0.79,29911.51,8161.47,3334.4,21662.67,0,22550.25,19548.06,91670.98,88722.04,0,0,0,0,N/A,N/A,N/A,N/A,0.07,173.13,0.1,0.1,0.04,0.07,1.16,0,3.04,0,0.01,95.79,5039548,6476682.67,989228,12.69,44161.07,1559374.67,5192980,66.64,1597522.13,933642.13,193.6,1.07,0,5.73,0,5.36,0,0.65,0.04,1.07,0,1.07,0,0,11.46,0,0.07,7476.14,54686.47,1888,50675.47,0,9476.94,10577.53,44142.27,44948.71,0,0,0,0,95872.47,3372524,46682,274751,0,159.8,0.01,0.01,0,0.07,1.01,0,0.11,0.01,0.01,98.86,483621.07,2159811.2,1327724.53,35.08,49478.93,1772615.2,2875925.6,75.98,2109662.93,997103.73,1530.93,1.45,0,63.8,0,44.18,0,1.22,0.07,1.45,0,1.45,0,0,127.6,0,0.13,159.91,31619.67,1241.6,39016.6,0,169.66,85.05,1178.45,6.33,0,0,0,0,0.07,684.6,0.46,0.49,0.49,0.07,10.49,0,2.59,0,0.01,86.91,2820265.87,4483552.53,2976173.6,38.19,46873.87,1777218.67,5663329.6,72.67,3576386.13,1136834.13,205.33,1.36,0,7.64,0,5.61,0,0.72,0.05,1.36,0,1.36,0,0,15.27,0,0.63,6135.22,56573,1629.87,53436.8,0,5072.58,6064.38,22288.45,23899.6,0,0,0,0,0.4,683.47,0.5,0.47,0.44,0.07,10.39,0,2.52,0,0.01,87.08,2812890.93,4477611.47,2981813.07,38.26,46873.07,1778530.4,5647998.67,72.48,3582525.6,1138193.87,191.2,1.37,0,7.69,0,5.6,0,0.73,0.06,1.37,0,1.37,0,0,15.36,0,0.63,6148.17,56465.13,1638.4,53342.47,0,5081.83,6081.37,22328.43,24032.18,0,0,0,0
Transformation,2G,50,50,0,HTTP Request,1450356,0,0,2417.42,20.59,49,20.99,0,398,23,38,54,88,118,217,1015.13,3068.99,93.99,2048,,,100,3925.5,,,99.97,2048,,,99.88,4096,12.55,72.125,99.88,4096,12.25,506.288,11.56,1116.94,9.2,7.63,6.1,0,82.74,0,11.18,0.01,0.02,6.06,135779,491272.5,3017930.75,79.73,14180.75,521022.25,4164509,110.02,3176794,312666.25,13833.25,4.72,3.38,742.99,0,159.95,0,2.6,0.26,4.72,0.31,4.42,0,6.75,1485.99,0,1.13,12871.83,9455.25,1654,20210,0,4099.71,6070.96,3307.1,1847.28,0,0,0,0,N/A,N/A,N/A,N/A,0.31,172.94,0.04,0.04,0.02,0.12,0.74,0,0.61,0,0,98.64,4973903.75,6411582,1055162.75,13.54,44457.25,1559770.25,5185143.25,66.54,1671057,933908.5,188.25,1.06,0,5.86,0,5.51,0,0.69,0.04,1.06,0,1.06,0,0,11.71,0,0.07,3656.19,54848.81,1152,49937.19,0,3802.8,2050.77,701.47,421.14,0,0,0,0,50779.14,1746577,16957,264402,0.19,161.38,0.05,0.03,0,0,3.29,0,0.35,0.12,0.01,96.23,288103.25,2072164.25,1414024.5,37.36,49865,1878628.75,2877187.75,76.01,2207744.5,1091232.75,5349.25,2.23,0.03,262.51,0,112.5,0.02,9.8,0.21,2.23,0,2.23,0,0.06,525.02,0,0.16,399.19,31265.06,1238,38826.06,0,775.92,382.11,5561.8,25.78,0,0,0,0,0,206,0.28,0.26,0.33,0.12,4.43,0,1.22,0,0.01,94.34,3345707.75,5011080.25,2453248.25,31.48,47130.25,1779001.75,4869015.5,62.48,3079338.25,1138493.25,272.5,1.31,0,7.41,0,5.65,0,0.68,0.05,1.31,0,1.31,0,0,14.83,0,0.25,2233.97,56672.88,1162,52952.06,0,1317.91,1409.69,585.25,4227.82,0,0,0,0,0.12,205.12,0.26,0.25,0.31,0.06,4.38,0,1.25,0,0.01,94.37,3338731.75,5005635,2458323.25,31.54,47152.5,1780314.5,4865882.5,62.44,3085594.25,1139854.5,238.75,1.37,0,7.66,0,5.63,0,0.72,0.05,1.37,0,1.37,0,0,15.33,0,0.25,2222.56,56563.44,1172,52855.75,0,1315.92,1404.93,583.49,4214.27,0,0,0,0
Transformation,2G,50,1024,0,HTTP Request,1195469,0,0,1992.64,24.99,49,22.4,1,388,28,45,63,98,127,207,2761.28,4428.95,94.39,2048,,,100,3925.5,,,99.98,2048,,,99.88,4096,13.25,941.866,99.9,4096,11.9,1013.284,10.69,1155.81,9.53,9.09,8.1,0.06,82.96,0,9.21,0.01,0.02,7.82,133780.25,478794.25,3030764.75,80.07,13602.75,511202.25,4206853.5,111.14,3178098.75,313517.25,8966.25,4.26,4.38,642.22,0,151.66,0,2.49,0.24,4.26,0.23,4.03,0,8.74,1284.44,0,0.81,11263.97,8486.88,1650,20081.19,0,3407.05,3791.64,5976.9,4708.68,0,0,0,0,N/A,N/A,N/A,N/A,0.2,173.67,0.03,0.02,0,0.07,0.65,0,0.54,0,0,98.81,4978715.47,6416950.93,1050734.13,13.48,44744.53,1560013.33,5190875.47,66.61,1666582.4,934015.47,188.8,1.04,0,5.69,0,5.49,0,0.68,0.03,1.04,0,1.04,0,0,11.39,0,0.07,2977.26,55006.13,1166.93,49934.8,0,1877.63,1732.38,2144.61,1995.75,0,0,0,0,43421.29,1400041,83701,268429,0.33,159.93,0.03,0.03,0,0,2.95,0,0.31,0.03,0.01,96.71,348459.47,2076924,1409996.53,37.25,50248.53,1823597.07,2880486.13,76.1,2201084,1039498.13,3324.27,2.06,0,227.2,0,106.5,0,1.87,0.1,2.06,0,2.06,0,0,454.4,0,0.12,215.95,29194.93,1224.53,37765.73,0,672.99,336.61,4726.63,22.82,0,0,0,0,0.67,210.07,0.21,0.18,0.21,0.07,4.18,0,1.12,0,0.01,94.69,3165590.93,4832035.2,2632257.33,33.78,47397.33,1779834.93,5163210.67,66.25,3258793.87,1139195.73,168.53,1.39,0,7.68,0,5.52,0,0.7,0.04,1.39,0,1.39,0,0,15.37,0,0.25,1940.18,56790.27,1173.33,52968.13,0,1150.67,1198.17,1330.89,4402.38,0,0,0,0,0.33,208,0.23,0.24,0.25,0,4.23,0,1.1,0,0.01,94.66,3159557.33,4827339.2,2636450.13,33.83,47394.13,1780957.07,5153040.8,66.12,3263195.73,1140370.13,219.2,1.34,0,7.37,0,5.46,0,0.72,0.05,1.34,0,1.34,0,0,14.75,0,0.25,1939.3,56681,1181.87,52872.13,0,1151.31,1197.26,1330.04,4399.51,0,0,0,0
Transformation,2G,50,10240,0,HTTP Request,458501,0,0,764.27,65.26,49,36.73,2,432,82,114,137,166,187,253,7933,8577.85,95.43,2048,,,0,3925.5,,,99.98,2048,,,99.93,4096,12.4,289.207,99.93,4096,12.35,362.039,13.07,1154.4,11.69,10.39,9.34,0,89.91,0,6.53,0,0.02,3.54,135273.6,372118.67,3138880.27,82.92,13800.8,404197.33,4204369.33,111.07,3274860.8,217613.33,2840.27,2.58,1.5,270,0,107.08,0,2.01,0.13,2.58,0.18,2.4,0,3,540,0,0.79,6740.34,7678.07,1629.87,18974.73,0,4274.96,4333.36,15430.02,14724.13,0,0,0,0,N/A,N/A,N/A,N/A,0,173.13,0.02,0.01,0,0.07,0.48,0,0.63,0,0,98.88,5143291.73,6582044.8,885607.2,11.36,45045.87,1560298.4,5189532,66.59,1502634.93,934167.73,191.47,1.12,0,6.19,0,5.55,0,0.67,0.04,1.12,0,1.12,0,0,12.38,0,0.07,1948.21,55168.8,1175.47,49937.67,0,2125.09,2116.98,7239.97,7191.62,0,0,0,0,30875.84,887649,59079,252619,0,159.33,0.03,0.03,0,0.13,1.52,0,0.17,0.02,0.01,98.29,392702.13,2107993.07,1378984,36.43,50631.47,1810138.13,2875856.53,75.97,2187471.47,1009468.53,1213.33,1.92,0,97.26,0,59.06,0,1.46,0.07,1.92,0,1.92,0,0,194.53,0,0.25,137.85,29374.4,1235.2,37932.6,0,266.93,134.34,1904.03,9.64,0,0,0,0,0.13,209.27,0.62,0.44,0.3,0,3.48,0,0.82,0,0.01,95.69,3105896.27,4773373.07,2690731.2,34.53,47656,1780525.6,5160369.6,66.22,3316954.93,1139754.4,202.93,1.39,0,7.76,0,5.6,0,0.69,0.04,1.39,0,1.39,0,0,15.51,0,0.1,1551.52,56895.47,1190.4,52966.8,0,1188.2,1214.39,3751.62,5103.95,0,0,0,0,0.07,208.53,0.25,0.22,0.22,0.13,3.42,0,0.8,0,0.01,95.77,3126862.4,4795933.07,2667935.73,34.24,47724.27,1781879.2,5162744.8,66.25,3295397.87,1141160,186.4,1.41,0.03,8.15,0,5.73,0,0.74,0.05,1.41,0.01,1.41,0,0.06,16.3,0,0.25,1553.17,56790.33,1175.47,52871.73,0,1143.81,1204.07,3738,5033.16,0,0,0,0
Transformation,2G,50,102400,0,HTTP Request,60898,0,0,101.5,492.49,49,131.52,44,1214,575,663,715,779,823,955,10202.75,10274.2,96.21,2048,,,,,,,99.98,2048,,,99.97,4096,11.35,1810.193,99.97,4096,11.35,1810.193,12,1117.19,12.42,11.34,10.4,0.12,89.57,0,4.53,0.01,0.02,5.87,170354.25,167517,3372237.5,89.09,10671.75,147290.25,4166183.25,110.06,3388245.25,77076.75,506.25,3.66,22.7,70.31,0,30.65,0,1.02,0.29,3.66,1.86,1.8,0,45.4,140.62,0,1.15,7413.9,5657.06,1664,17813.81,0,3954.88,3789.74,18675.16,18401.26,0,0,0,0,N/A,N/A,N/A,N/A,0.06,172.25,0.05,0.04,0.01,0.12,0.35,0,0.46,0,0,99.19,5607058.25,7046676,420953,5.4,45354,1560818.75,5183769.75,66.52,1039512,934553.25,203.25,1.07,0,6,0,5.61,0,0.68,0.04,1.07,0,1.07,0,0,12.01,0,0.07,1578.06,55333.25,1170,49925.69,0,1642.43,1844.29,9133.01,9128.04,0,0,0,0,23031.57,746749,12115,115741,0.06,160.56,0.01,0,0,0.06,0.5,0,0.05,0.01,0,99.44,1086513.75,2801962,684949.5,18.1,50979.5,1809793.5,2872086.75,75.88,1511825,991950.75,262.75,1.22,0,18.83,0,15.4,0,0.93,0.06,1.22,0,1.22,0,0,37.65,0,0.14,79.35,29556.12,1230,38097.75,0,36.35,18.24,247.76,1.89,0,0,0,0,0.06,205.88,0.25,0.29,0.31,0,2.35,0,0.45,0,0.01,97.19,3428082.25,5097111,2367097,30.38,47894.75,1781831.75,4872175.5,62.52,2995110.75,1140928.75,252.5,1.34,0,7.36,0,5.54,0,0.71,0.05,1.34,0,1.34,0,0,14.73,0,0.25,1408.18,56994.69,1184,52953.12,0,1089.16,1069.33,4651.68,4902.21,0,0,0,0,0.25,204.94,0.13,0.13,0.16,0,2.83,0,0.57,0,0,96.59,3447101.25,5117811,2346151.25,30.11,47969.25,1783256.25,4869431,62.49,2974265.25,1142408.75,247,1.33,0,7.35,0,5.54,0,0.73,0.05,1.33,0,1.33,0,0,14.71,0,0.25,1403.47,56892,1182,52860.69,0,1065.34,1072.72,4630.92,4904.74,0,0,0,0
Transformation,2G,100,50,0,HTTP Request,1481890,0,0,2470.02,40.37,99,31.21,1,464,48,74,101,139,166,263,1070.99,3135.77,93.76,2048,,,100,3925.5,,,99.97,2048,,,99.86,4096,14.05,2100.107,99.85,4096,14.35,2534.271,10.31,1155.94,10.2,10.41,10.64,0.12,82.38,0,10.56,0.01,0.02,7.04,144949.25,471786.25,3039591,80.3,14868.5,493442.25,4208510,111.18,3150132.75,333642.75,11902,5.25,12.16,791.08,0,161.51,0,2.48,0.33,5.25,0.61,4.63,0,24.32,1582.16,0,0.8,11297.73,6267.69,1742,18845.75,0,4130.86,6948.99,3330.84,1946.91,0,0,0,0,N/A,N/A,N/A,N/A,0,172.87,0.01,0.01,0,0.13,0.81,0,0.81,0,0.01,98.36,4960725.6,6401101.33,1066564,13.69,45644,1561249.87,5186570.4,66.55,1683454.4,934848.53,183.73,1.09,0,6.2,0,5.68,0,0.66,0.04,1.09,0,1.09,0,0,12.39,0,0.07,3636,55493.93,1222.4,49987.53,0,4148.15,2103.93,735,431.71,0,0,0,0,52150.36,1705630,152356,270826,0,159.6,0.04,0.03,0,0,3.45,0,0.36,0.03,0.01,96.15,218877.87,2040689.6,1444752.53,38.17,51209.33,1914618.67,2882123.73,76.14,2277702.93,1089360.53,3159.2,2.21,0,264.27,0,113.57,0,1.9,0.11,2.21,0,2.21,0,0.01,528.55,0,0.12,418.63,28084.2,1230.93,37152.67,0,816.07,406.24,5741.09,27.38,0,0,0,0,0,235.07,0.38,0.24,0.23,0.07,4.8,0,1.34,0,0.01,93.85,3138120.27,4808472,2655469.07,34.08,48166.93,1782840.8,5188215.2,66.58,3282872.8,1141811.2,210.67,1.37,0,7.68,0,5.65,0,0.72,0.05,1.37,0,1.37,0,0,15.36,0,0.28,2207.29,57112.47,1205.33,52993.47,0,1657.03,1448.79,633.9,4333.02,0,0,0,0,0.27,233.6,0.44,0.35,0.23,0.07,4.72,0,1.31,0,0.01,93.97,3147958.93,4819940.53,2643983.47,33.93,48275.47,1784167.47,5178064,66.45,3270303.73,1143194.93,198.4,1.35,0,7.59,0,5.64,0,0.74,0.05,1.35,0,1.35,0,0,15.18,0,0.28,2216.53,57006.13,1207.47,52897.2,0,1665.83,1458.61,638.02,4362.67,0,0,0,0
Transformation,2G,100,1024,0,HTTP Request,1199486,0,0,1999.18,49.9,99,34.71,1,432,59,89,118,159,186,281,2743.01,4443.48,94.4,2048,,,100,3925.5,,,99.98,2048,,,99.89,4096,13.35,1086.116,99.89,4096,13.3,1013.991,13.67,1154.4,11.09,10.1,10.08,0,87.66,0,9,0,0.02,3.32,111233.07,471447.2,3039401.07,80.3,13247.73,527946.67,4204099.2,111.07,3137796.27,378374.67,9957.33,4.27,2.3,672.49,0,158.63,0,2.61,0.23,4.27,0.21,4.06,0,4.59,1344.97,0,0.79,10483.2,4430.27,1749.33,17799.93,0,3565.95,5716.02,6257.47,5015.15,0,0,0,0,N/A,N/A,N/A,N/A,0.07,172.87,0.04,0.02,0,0,0.7,0,0.69,0,0,98.6,4968267.47,6409361.33,1058300.27,13.58,45929.87,1561669.07,5184532,66.53,1676667.73,935131.47,212.27,1.06,0,5.86,0,5.53,0,0.7,0.03,1.06,0,1.06,0,0,11.71,0,0.06,3183.91,55655.33,1250.13,49989.13,0,2971.73,1786.07,2277.61,2057.39,0,0,0,0,45510.87,1458106,138702,270163,0,159.4,0.06,0.04,0,0.07,3.03,0,0.31,0.03,0.01,96.64,393706.93,2027409.87,1461236.8,38.6,51117.33,1729690.4,2873063.47,75.9,2281544.53,917334.13,3031.47,2.06,0,229.48,0,109.59,0,1.94,0.1,2.06,0,2.06,0,0,458.97,0,0.12,325.79,23727.67,1230.93,34668.73,0,686.96,341.67,4853.19,23.15,0,0,0,0,0.2,234.53,0.31,0.28,0.25,0.07,4.6,0,1.19,0,0.01,94.2,3120813.6,4792361.6,2671660.27,34.28,48475.2,1783744.8,5188532,66.58,3298862.67,1142583.73,180,1.25,0,7.12,0,5.66,0,0.7,0.05,1.25,0,1.25,0,0,14.29,0,0.13,1933.72,57214.93,1196.8,52989.8,0,1539.66,1233.3,1382.55,4534.55,0,0,0,0,0.2,233.53,0.27,0.23,0.25,0,4.51,0,1.15,0,0.01,94.34,3134605.6,4807872.27,2655997.87,34.08,48561.87,1785212.53,5182676,66.51,3282930.67,1144122.4,205.87,1.42,0,7.92,0,5.57,0,0.71,0.05,1.42,0,1.42,0,0,15.84,0,0.28,1927.89,57112.13,1207.47,52897.07,0,1537.73,1229.02,1377.54,4517.53,0,0,0,0
Transformation,2G,100,10240,0,HTTP Request,455062,0,0,758.42,131.66,99,64,2,650,167,217,251,293,321,419,7882.71,8512.26,95.53,2048,,,0,3925.5,,,99.98,2048,,,99.94,4096,12.75,217.789,99.93,4096,12.85,362.039,17.19,1116.62,12.61,11.73,10.92,0.06,89.05,0,6.31,0.02,0.02,4.6,129131.5,387303.5,3125434.25,82.57,11274,429528.25,4166131,110.06,3231347,270631.5,4899,4.09,13.91,279.07,0,99.68,0,1.92,0.42,4.09,1.41,2.68,0,27.82,558.15,0,1.13,6518.81,4492.31,1736,17724.31,0,4285.82,4209.91,14644.44,13940.51,0,0,0,0,N/A,N/A,N/A,N/A,0,172.81,0.05,0.05,0.01,0.06,0.53,0,0.69,0,0,98.77,5187847.5,6629659.75,837766.5,10.75,46228.25,1562041.5,5177888.75,66.45,1456547.75,935384.25,201.25,1.05,0,5.8,0,5.53,0,0.67,0.04,1.05,0,1.05,0,0,11.61,0,0.07,1970.37,55812.44,1230,49981.5,0,2007.77,2067.35,6837.71,6800.68,0,0,0,0,32239.91,936152,68887,242454,0.12,160.25,0.06,0.05,0,0.06,1.38,0,0.15,0.02,0.01,98.44,535853,2153977.25,1334849.25,35.26,51476.5,1713865.25,2879913.25,76.08,2174469,882382,2139.75,1.53,2.35,92.37,0,60.49,0,1.58,0.07,1.53,0.02,1.51,0,4.7,184.75,0,0.14,173.25,23912.06,1222,34842.94,0,258.81,132.15,1813.42,9.36,0,0,0,0,0.06,229.06,0.44,0.51,0.39,0.06,3.53,0,0.81,0,0.01,95.65,3414858.25,5087313.75,2376664,30.5,48764,1784323.25,4903843.5,62.93,3005121.25,1143040.75,271.5,1.33,0,7.47,0,5.62,0,0.71,0.05,1.33,0,1.33,0,0,14.94,0,0.28,1444.14,57317.31,1174,52976.5,0,1191.46,1235.68,3545.01,4844.66,0,0,0,0,0.25,228.25,0.58,0.56,0.43,0.12,3.35,0,0.76,0,0,95.88,3405747.75,5079996,2384455.5,30.6,48883,1785862,4903495.25,62.92,3012810,1144652,240,1.39,0,7.65,0,5.58,0,0.72,0.05,1.39,0,1.39,0,0,15.3,0,0.28,1444.61,57209.94,1188,52879,0,1124.11,1228.77,3550.23,4792.56,0,0,0,0
Transformation,2G,100,102400,0,HTTP Request,9833588,9817539,99.84,16389.29,5.17,84,41.29,0,3683,4,6,7,8,11,931,46998.49,2707.59,96.06,2048,,,,,,,99.9,2048,,,99.35,4096,10.805,2598.617,99.31,4096,12.4,289.207,8.31,635.12,5.7,7.66,9.55,0.12,44.82,0,2.57,0.14,0.01,52.46,1865203,1799869.5,1776392.75,46.93,6581,64256.75,2353576.75,62.18,1751247,43777.75,446.75,10.63,578.48,47.29,0,29.72,0,0.87,0.65,10.63,8.83,1.81,0,1156.96,94.57,0,0.79,3721.31,2267.75,1292,15700.5,0,12431.04,12055.4,10258.88,9710.2,0,0,0,0,N/A,N/A,N/A,N/A,0.27,173.47,0.05,0.04,0.01,0.07,0.17,0,0.16,0,0,99.66,5643414.13,7085893.6,381550.93,4.9,46519.2,1562423.73,5188328,66.58,1001584.27,935628.27,199.73,1.08,0,5.94,0,5.51,0,0.69,0.04,1.08,0,1.08,0,0,11.88,0,0.07,875.82,55974.47,1162.67,49923.8,0,896.92,1104.39,4874.36,4878.52,0,0,0,0,13387.22,387180,8373,66886,1.07,167.67,0.48,0.26,0.1,0.07,18.09,0,2.41,0.3,0.01,79.2,807195.73,2531256,958791.47,25.33,46897.87,1825693.07,2885102.67,76.22,1656037.33,1132609.87,58442.93,15.01,1.63,3333.78,0,115.92,0.09,4.32,1.01,15.01,0.06,14.95,0,3.26,6667.56,0,0.16,3407.04,17059.4,1235.2,29962.13,0,3596.91,1859.4,25794.9,122.79,0,0,0,0,22.93,234.47,19.02,10.42,4.63,0.13,39.51,0,6.62,0,0.01,53.86,3220902.93,4894801.87,2569296.8,32.97,49057.07,1785432,5189739.47,66.6,3196440.8,1144007.73,187.47,1.44,0,8.34,0,5.89,0,0.71,0.05,1.44,0,1.44,0,0,16.69,0,0.28,6557.19,57434.27,1203.2,52993.4,0,6549.1,7538.12,2807.84,16179.04,0,0,0,0,21.27,233.2,19.64,10.76,4.77,0.07,39.6,0,6.95,0,0.01,53.44,3186360.8,4861812.53,2602534.93,33.4,49166.4,1786802.13,5180977.87,66.48,3229610.93,1145447.73,213.87,1.34,0,7.88,0,5.92,0,0.71,0.06,1.34,0,1.34,0,0,15.75,0,0.28,6360.13,57327.47,1194.67,52896.87,0,6328.54,7274.7,2762.3,15631.68,0,0,0,0
Transformation,2G,200,50,0,HTTP Request,1483003,0,0,2471.31,80.79,199,48.27,1,583,99,142,177,221,255,349,1037.76,3137.41,94.04,2048,,,100,3925.5,,,99.98,2048,,,99.87,4096,15.05,3548.262,99.86,4096,15.45,4127.382,16.13,1154.8,11.3,8.92,7.99,0,87.18,0,10.54,0,0.02,2.27,147946.13,494064,3014532.8,79.64,17966.13,512671.2,4189649.07,110.68,3132814.4,347358.67,10721.6,4.72,4.29,794.53,0,170.32,0,2.57,0.25,4.72,0.26,4.45,0,8.57,1589.06,0,0.79,10705.64,6920.07,1947.73,20635.4,0,4335.62,8371.09,3496.77,2080.68,0,0,0,0,N/A,N/A,N/A,N/A,0,172.73,0.12,0.08,0.02,0.07,0.89,0,1.01,0,0,98.09,4920020.27,6363297.07,1104193.33,14.17,46847.73,1562853.33,5187348,66.57,1722407.73,935920,197.07,1.05,0,5.77,0,5.48,0,0.69,0.03,1.05,0,1.05,0,0,11.53,0,0.06,3864.27,56136.8,1329.07,50092.93,0,4327.01,2170.93,761.59,445.57,0,0,0,0,54784.25,1754185,199283,270893,0.07,159.93,0.09,0.24,0.28,0.07,3.67,0,0.38,0.08,0.01,95.87,1683795.73,2039169.87,1484321.33,39.21,4659.73,531961.33,2881725.87,76.13,1729053.07,248304,1678.93,5.12,60.51,289.26,0,115.06,0,2.08,0.36,5.12,2.72,2.4,0,121.01,578.52,0,0.13,443.65,3190.93,1239.47,18704.4,0,842.89,419.73,5916.4,28.27,0,0,0,0,0.33,284.53,0.27,5.21,8.69,0.13,4.72,0,1.31,0,0.01,93.96,3040645.87,4716073.07,2747510.93,35.26,49368,1786589.33,5240022.67,67.25,3373290.93,1145053.33,195.73,1.17,0,6.76,0,5.73,0,0.69,0.04,1.17,0,1.17,0,0,13.52,0,0.18,2238.41,57538.27,1245.87,53041.93,0,2229.17,1499.27,672.59,4473.6,0,0,0,0,0.87,282.6,0.4,5.45,8.99,0.07,4.87,0,1.34,0,0.01,93.78,3051763.73,4728844.27,2734812.53,35.09,49488,1787959.2,5234044.27,67.17,3360485.87,1146473.07,201.07,1.33,0,7.57,0,5.72,0,0.75,0.04,1.33,0,1.33,0,0,15.15,0,0.18,2240.13,57432.13,1262.93,52945.87,0,2228.32,1504.49,674.54,4491.24,0,0,0,0
Transformation,2G,200,1024,0,HTTP Request,1192558,0,0,1987.36,100.48,199,54.69,1,716,125,172,208,253,287,377,2753.98,4417.23,94.24,2048,,,100,3925.5,,,99.98,2048,,,99.87,4096,16,4924.292,99.89,4096,13.95,1955.15,10.94,1154.62,11.54,10.69,9.67,0.12,86.22,0,8.62,0.02,0.02,5.13,110629.5,462671.75,3048364.75,80.53,13849,519846.75,4205218.5,111.1,3145164.5,372453.25,10052,5.23,13.03,633.78,0,150.67,0,2.45,0.45,5.23,1.18,4.05,0,26.06,1267.55,0,1.13,9033.32,4778.38,1922,19066.94,0,3372.13,6603.49,5909.67,4841.26,0,0,0,0,N/A,N/A,N/A,N/A,0.12,173.38,0.05,0.04,0.01,0,0.71,0,0.75,0,0,98.53,4993551.25,6437441.25,1030079,13.22,47116.5,1563122.75,5187388,66.57,1649176.5,936068.25,207.5,1.07,0,5.88,0,5.51,0,0.69,0.03,1.07,0,1.07,0,0,11.76,0,0.07,2987.12,56296.38,1288,50077,0,3344.74,1688.49,2188.1,1945.37,0,0,0,0,46511.53,1422787,176598,266040,0.13,159.87,0.11,0.09,0.13,0.07,2.68,0,0.28,0.03,0.01,97,1728689.6,2105548.53,1417660,37.45,5044,552712,2880097.87,76.08,1705584.53,226462.4,4341.87,2.04,0.22,220.36,0,103.06,0,1.95,0.1,2.04,0.01,2.03,0,0.44,440.72,0,0.12,495.17,3820.67,1237.33,19322.33,0,652.19,328.11,4597.79,22.26,0,0,0,0,3.25,276.94,0.39,0.51,3,0.06,4.12,0,1.05,0,0.01,94.83,3327844.25,5003964.75,2459408,31.56,49631.5,1786909.75,4946768.25,63.48,3086248.5,1145256,258,1.5,0,8.45,0,5.59,0,0.71,0.05,1.5,0,1.5,0,0,16.89,0,0.45,1791.54,57648.56,1226,53034.19,0,1789.33,1166.4,1337.78,4288.34,0,0,0,0,0.88,275.19,0.23,0.35,3.03,0.06,4.34,0,1.14,0,0.01,94.51,3318409,4996243.5,2467074.25,31.66,49842.75,1788277.75,4940557.25,63.4,3094409,1146664.5,301.75,1.42,0.41,7.46,0,5.48,0,0.7,0.06,1.42,0.07,1.35,0,0.82,14.93,0,0.4,1786.63,57541.56,1228,52932.56,0,1790.39,1167.6,1339.31,4294.23,0,0,0,0
Transformation,2G,200,10240,0,HTTP Request,451519,0,0,752.4,265.82,200,112.05,4,988,333,415,469,535,575,707,7809.8,8444.63,95.19,2048,,,0,3925.5,,,99.98,2048,,,99.93,4096,14.7,3041.266,99.92,4096,14.7,3041.266,14.5,1156,12.25,11.55,10.78,0,86.68,0,6.4,0.01,0.02,6.89,113671.5,418704.5,3093370,81.72,12496.25,475297,4208251.75,111.18,3204129.25,311297.25,1915.25,2.8,3.94,275.65,0,109.77,0,1.99,0.16,2.8,0.3,2.5,0,7.87,551.3,0,0.8,6601.54,4977.44,1920,19391,0,4702.44,4431.98,14547.47,14007.24,0,0,0,0,N/A,N/A,N/A,N/A,0,173.33,0.03,0.04,0.01,0.07,0.48,0,0.57,0.21,0,98.73,5144979.73,6589374.4,878007.2,11.27,47388.53,1563395.2,5192236,66.63,1498502.4,936201.6,200.8,1.09,0,6.07,0,5.54,0,0.67,0.04,1.09,0,1.09,0,0,12.15,0,0.07,2173.91,56455.8,1352.53,50078.67,0,2073.51,2313.47,7041.84,6997.56,0,0,0,0,34673.19,1012804,103323,247188,0,159.33,0.03,0.04,0.06,0.07,1.33,0,0.16,0.02,0.01,98.49,1780914.4,2154987.2,1368354.13,36.15,5564.8,549483.47,2880309.07,76.1,1683738.93,196222.67,2175.73,1.69,0.58,97.43,0,58.78,0,1.44,0.07,1.69,0.03,1.66,0,1.15,194.86,0,0.14,268.02,4003.47,1239.47,19490.73,0,266.14,131,1862.2,9.34,0,0,0,0,0.07,284.33,0.34,0.34,1.19,0.07,3.39,0,0.82,0,0.01,95.79,3217541.33,4894951.73,2568344.8,32.96,49875.73,1787892.27,5243162.67,67.29,3195162.93,1146097.33,207.73,1.4,0,7.84,0,5.68,0,0.7,0.05,1.4,0,1.4,0,0,15.68,0,0.34,1474.5,57750.8,1258.67,53038.13,0,1330.92,1370.12,3626.19,4841.99,0,0,0,0,0.13,283.33,0.23,0.25,1.12,0,3.54,0,0.85,0,0,95.61,3197682.4,4877171.2,2585851.73,33.18,50440.8,1789241.87,5230560.8,67.12,3213184.8,1147448.53,221.6,1.36,0,7.66,0,5.63,0,0.72,0.05,1.36,0,1.36,0,0,15.33,0,0.34,1497.35,57692,1252.27,52980.47,0,1258.46,1391.97,3689.58,4925.33,0,0,0,0
Transformation,2G,200,102400,0,HTTP Request,1193825,1142362,95.69,1989.62,97.82,194,427.91,0,4857,10,16,57,2111,2303,2687,13776.85,8681.8,94.51,2048,,,,,,,99.97,2048,,,99.85,4096,13.85,1810.193,99.86,4096,14.25,2390.021,12,1085.13,10.41,10.27,10.58,0.2,87.75,0,4.39,0.13,0.02,7.72,392970.67,364066.93,3177178.93,83.94,8585.6,125630.93,3959736.27,104.61,3171849.07,70905.87,647.47,8.65,508.11,59.78,0,35.39,0,0.93,0.44,8.65,6.86,1.79,0,1016.22,119.56,0,0.79,7107.53,3692.07,1781.33,17191.67,0,5435.12,4523.22,18411.82,17800.48,0,0,0,0,N/A,N/A,N/A,N/A,0.13,172.6,0.03,0.02,0,0.07,0.33,0,0.35,0,0.01,99.31,5578829.6,7023791.2,443544.8,5.69,47633.87,1563670.4,5187076,66.56,1065295.73,936338.67,189.33,1.07,0,5.89,0,5.51,0,0.69,0.04,1.07,0,1.07,0,0,11.77,0,0.06,1487.8,56620.47,1213.87,49982.07,0,1628.93,2147.24,8811.13,8827.5,0,0,0,0,21895.53,661029,17655,109932,0.2,162,0.05,0.03,0.01,0.07,2.07,0,0.28,0.02,0.01,97.63,2395535.47,2802157.6,720884.53,19.04,7397.87,579790.4,2879554.13,76.07,1064495.2,201593.87,10194.93,2.02,2.43,179.02,0,30.26,0,1.1,0.1,2.02,0.09,1.93,0,4.87,358.05,0,0.16,399.85,4195.93,1218.13,19676.47,0,372.68,213.62,2646.33,14.74,0,0,0,0,6.87,284.47,3.14,0.98,0.79,0.07,7.27,0,1.32,0,0.01,91.4,3101045.07,4779909.87,2683231.47,34.43,50157.33,1789007.47,5248454.93,67.35,3309952,1147081.07,200.27,1.2,0,6.81,0,5.66,0,0.69,0.05,1.2,0,1.2,0,0,13.61,0,0.18,2006.14,57858.87,1252.27,53041.2,0,1647.42,1926.11,4483.67,6275.71,0,0,0,0,5,283.4,3.38,1.02,0.74,0.13,7.4,0,1.12,0,0,91.47,3129197.6,4810064.8,2653281.07,34.05,50682.4,1790505.6,5233783.73,67.16,3279240,1148578.4,198.93,1.39,0,7.47,0,5.44,0,0.71,0.05,1.39,0,1.39,0,0,14.94,0,0.34,1848.81,57793.93,1245.87,52975.6,0,1461.76,1739.03,4501.4,5940.22,0,0,0,0
Transformation,2G,300,50,0,HTTP Request,1491190,0,0,2484.99,120.57,299,61.97,1,644,149,204,243,291,325,421,1077.48,3154.77,93.56,2048,,,100,3925.5,,,99.98,2048,,,99.85,4096,17.2,6661.653,99.86,4096,16.45,5575.537,13.69,1155.44,11.37,10.62,10.38,0.12,83.05,0,10.01,0.01,0.02,6.92,153435.25,493021.5,3017848.75,79.73,14956.25,506705.25,4194290,110.81,3121761.25,352016.25,12799.5,4.81,5.01,793,0,168.52,0,2.59,0.27,4.81,0.27,4.54,0,10.02,1585.99,0,0.75,9869.3,6563.62,2110,20341.38,0,4172.34,8281.27,3362.95,2049.48,0,0,0,0,N/A,N/A,N/A,N/A,0.13,173.13,0.07,0.05,0,0.07,0.87,0,1.02,0,0,98.1,4950720.8,6396405.6,1070792.53,13.74,47853.6,1564090.93,5190084,66.6,1691278.13,936631.2,196.8,1.1,0,6.06,0,5.54,0,0.7,0.04,1.1,0,1.1,0,0,12.12,0,0.07,3851.01,56781.13,1410.13,50178.93,0,4268.45,2141.41,751.2,439.48,0,0,0,0,57903.17,1793592,277513,267619,0,161.33,0.08,0.09,0.06,0.2,3.57,0,0.35,0.03,0.01,96.04,1530377.07,2080313.87,1440784.53,38.06,7823.2,720807.47,2881411.73,76.13,1806225.07,319530.13,3617.33,2.31,0.29,287.1,0,119.62,0,2.1,0.12,2.31,0.01,2.31,0,0.58,574.19,0,0.13,544.04,4374.27,1241.6,19840.27,0,832.81,423.47,5869.36,28.51,0,0,0,0,0.8,334.07,0.6,3.3,3.21,0.07,5.09,0,2,0,0.01,92.9,3072225.33,4752110.4,2711122.93,34.79,50483.2,1789890.4,5299332.8,68,3336196.27,1147834.67,157.33,1.32,0,7.55,0,5.78,0,0.71,0.04,1.32,0,1.32,0,0,15.1,0,0.38,2208.95,57967.47,1314.13,53089.93,0,2322.18,1484.81,690.39,4444.02,0,0,0,0,3.13,333.73,1.05,3.69,3.44,0.07,5.38,0,1.89,0,0.01,92.72,3122170.67,4804038.93,2658524,34.12,50966.93,1791184.8,5290464.8,67.89,3283800.53,1149128,181.07,1.44,0,8.24,0,5.8,0,0.74,0.05,1.44,0,1.44,0,0,16.48,0,0.38,2187.47,57907.47,1297.07,53031.2,0,2321.4,1483.07,689.47,4437.89,0,0,0,0
Transformation,2G,300,1024,0,HTTP Request,1220343,0,0,2033.58,147.39,299,70.59,1,840,183,242,285,333,369,481,2818.02,4519.95,94.2,2048,,,100,3925.5,,,99.98,2048,,,99.88,4096,16.7,5937.576,99.89,4096,15.95,4851.46,17.6,1156.4,12.44,11.26,10.74,0,88.78,0,8.89,0,0.02,2.32,113009.87,468147.47,3041827.47,80.36,12615.2,524068.27,4205535.2,111.1,3139824.8,373313.87,10785.07,4.18,2.38,654.13,0,155.91,0,2.44,0.22,4.18,0.23,3.96,0,4.76,1308.26,0,0.79,9183.43,4630.93,2158.93,19269.93,0,3622.88,7206.62,6352.9,5212.23,0,0,0,0,N/A,N/A,N/A,N/A,0.07,172.8,0.11,0.09,0.03,0.13,0.8,0,0.9,0,0,98.3,4956846.93,6403207.73,1063805.6,13.65,48081.87,1564452.27,5190124,66.6,1684421.33,936856.53,188.8,1.06,0,5.86,0,5.53,0,0.66,0.04,1.06,0,1.06,0,0,11.72,0,0.07,3211.31,56943.93,1416.53,50193.27,0,3606.84,1812.6,2349.19,2087.62,0,0,0,0,50464.63,1463115,219810,267416,0.2,161.2,0.04,0.05,0.05,0.07,2.88,0,0.31,0.03,0.01,96.78,1462225.07,2050736,1469833.33,38.83,8220.53,758421.6,2878397.07,76.05,1859332.53,333524.8,2101.6,2.2,0.09,245.74,0,110.78,0,2.02,0.11,2.2,0,2.2,0,0.18,491.48,0,0.14,666.86,4553.8,1233.07,20005.67,0,703.91,356.74,4962.98,24.14,0,0,0,0,0.33,334.8,0.26,0.3,1.11,0.07,4.93,0,1.38,0,0.01,93.68,3056951.47,4737835.73,2725077.33,34.97,50794.67,1790558.13,5291381.33,67.9,3350464.8,1148372,203.73,1.34,0,7.5,0,5.65,0,0.69,0.05,1.34,0,1.34,0,0,15,0,0.24,1916.57,58069.13,1309.87,53089.4,0,1971.39,1254.09,1441.93,4612.62,0,0,0,0,0.07,333.53,0.33,0.45,1.34,0.07,4.73,0,1.26,0,0,94.01,2989098.67,4672100.27,2790568.27,35.81,51280.8,1791990.4,5282780,67.79,3416252.27,1149803.73,201.6,1.41,0,7.73,0,5.53,0,0.71,0.04,1.41,0,1.41,0,0,15.46,0,0.4,1908.27,58009.8,1305.6,53028.87,0,1972.06,1253.29,1441.28,4611.04,0,0,0,0
Transformation,2G,300,10240,0,HTTP Request,442398,0,0,736.92,407.16,300,155.13,5,1317,505,611,679,763,819,1019,7659.24,8270.94,95.49,2048,,,0,3925.5,,,99.98,2048,,,99.92,4096,16.9,6227.489,99.93,4096,15.7,4489.421,12.38,1155.12,13.13,12.27,11.55,0,88.59,0,6.48,0.02,0.02,4.9,122324.5,341764.5,3170610.25,83.76,12167,390945.5,4209806.75,111.22,3268674.75,238916,2888,4.05,16.88,271.6,0,98.01,0,1.79,0.4,4.05,1.38,2.67,0,33.5,543.19,0,1.13,6584.58,4406.31,2098,18997.62,0,4764.09,4448.52,14009.77,13509.26,0,0,0,0,N/A,N/A,N/A,N/A,0.06,173.31,0.04,0.05,0.03,0.06,0.48,0,0.55,0,0,98.96,5169995.75,6616891,849920.25,10.91,48344.25,1564684.75,5187124,66.56,1471909,936970,195.25,1.08,0,5.85,0,5.42,0,0.67,0.03,1.08,0,1.08,0,0,11.68,0,0.07,2134.68,57101.44,1428,50173.06,0,1960.07,2303.13,6630.11,6596.13,0,0,0,0,34551.96,1016869,98811,245309,0.19,164.44,0.04,0.03,0.01,0.12,1.44,0.12,0.16,0.07,0.01,98.2,1557507.75,2200189.5,1319725,34.87,9372.75,810937.75,2883267.75,76.17,1779943.5,316666.25,3245.75,4.6,214.61,283.08,0,69.68,0,1.49,0.29,4.6,2.29,2.31,0,429.22,566.18,0,0.56,261.93,5021.94,1232,20341,0,254.98,129.25,1764.57,9.18,0,0,0,0,0.19,323.06,0.15,0.18,0.49,0.06,3.34,0,0.83,0,0.01,95.82,3408028.5,5089992,2373182.5,30.45,51083.25,1791281.5,5005738.25,64.24,3000474.5,1148973.5,297.25,1.36,0,7.65,0,5.71,0,0.71,0.05,1.36,0,1.36,0,0,15.31,0,0.38,1427.28,58171.38,1276,53065.12,0,1303.2,1360.52,3467.94,4617.54,0,0,0,0,0.38,322.5,0.54,0.52,0.78,0.19,3.46,0,0.83,0,0,95.7,3362085,5046247.5,2416444,31.01,51573.75,1792773.75,4995062.25,64.1,3044121,1150465.5,236.25,1.42,0,7.78,0,5.61,0,0.71,0.05,1.42,0,1.42,0,0,15.56,0,0.38,1418.79,58109,1272,53001.62,0,1304.77,1349.56,3432.08,4568.76,0,0,0,0
Transformation,2G,300,102400,0,HTTP Request,41979,0,0,69.79,4281.63,298,2828.91,1665,37400,4575,5151,5567,6047,6559,36863,7014.31,7064.33,97.05,2048,,,,,,,99.99,2048,,,99.96,4096,15.8,4634.378,99.96,4096,15.7,4489.421,9.69,1156.31,14.23,12.84,12.16,0.94,78.02,0,9.41,5.94,0.01,6.61,105934.75,32979.5,3547512.75,93.72,5705,47651,4212010.25,111.27,3497799.5,30420,332.75,761.9,49047,97.98,0,46.28,0.75,1.45,22.88,761.9,752.73,9.17,0,98094.22,195.95,0,0.8,7285.93,2010,1934,16260.94,0,3749.14,2954.32,14828.54,14339.34,0,0,0,0,N/A,N/A,N/A,N/A,0.07,173.13,0.03,0.03,0,0.07,0.27,0,0.28,0,0,99.44,5598740,7046166.67,420672.8,5.4,48638.4,1564953.87,5190188,66.6,1044121.33,937107.47,198.4,1.07,0,5.81,0,5.42,0,0.66,0.03,1.07,0,1.07,0,0,11.62,0,0.06,1234.22,57264.47,1235.2,50000.93,0,1336.2,1796.07,7275.01,7289.84,0,0,0,0,19771.48,565995,20519,99224,0,160.13,0,0,0,0.13,0.47,0,0.04,0.01,0.01,99.47,2055229.87,2873701.87,644703.2,17.03,11393.87,983136.53,2878769.87,76.06,1239696.27,357887.2,313.87,1.26,0.05,16.98,0,13.64,0,0.85,0.06,1.26,0.01,1.26,0,0.11,33.96,0,0.13,81.11,5834.07,1224.53,20870.53,0,29.9,14.76,196.4,1.71,0,0,0,0,0,334.67,0.12,0.13,0.23,0.13,2.51,0,0.48,0,0.01,97,3255718.4,4938875.47,2524187.2,32.39,51352,1792151.73,5294690.93,67.95,3149208.27,1149713.6,190.67,1.35,0,7.37,0,5.51,0,0.73,0.04,1.35,0,1.35,0,0,14.74,0,0.39,1147.04,58285.27,1286.4,53087.53,0,845.25,1020.35,3684.46,3988.98,0,0,0,0,0.07,333.6,0.08,0.12,0.34,0.07,2.16,0,0.39,0,0,97.44,3119948,4805134.4,2657308.8,34.1,51876.8,1793529.07,5293628,67.93,3282668,1151089.87,210.67,1.32,0,7.19,0,5.42,0,0.77,0.04,1.32,0,1.32,0,0,14.38,0,0.39,1147.99,58225.13,1290.67,53026.4,0,840.3,1035.94,3684.09,4077.02,0,0,0,0
Transformation,2G,500,50,0,HTTP Request,1489067,0,0,2480.89,201.44,499,88.1,1,841,251,321,367,421,459,579,1041.78,3149.57,93.2,2048,,,100,3925.5,,,99.98,2048,,,99.87,4096,19.1,9413.005,99.84,4096,20.8,11.597,15.27,1154.53,11.64,13.89,20.91,0.13,87.19,0,10,0,0.01,2.79,148229.6,446514.67,3062369.33,80.9,12717.07,468532.27,4209063.2,111.2,3143333.87,333763.47,12461.07,5.13,15.66,802.86,0,160.77,0,2.48,0.3,5.13,0.51,4.62,0,31.32,1605.71,0,0.79,9779.27,5600.2,2515.2,20143.53,0,4323.47,8617.55,3481.11,2093.04,0,0,0,0,N/A,N/A,N/A,N/A,0,172.53,0.07,0.04,0.01,0.13,0.94,0,1.14,0,0,97.91,4917550.4,6366528.27,1099750.13,14.11,49420.8,1565588.8,5188042.67,66.58,1722118.93,937612.27,187.73,1.07,0,6,0,5.62,0,0.68,0.04,1.07,0,1.07,0,0,11.99,0,0.06,3783.27,57419.33,1589.33,50363.53,0,4309.93,2164.38,758.05,443.6,0,0,0,0,62474.72,1742863,301614,270520,0.13,162.33,0.07,0.05,0.01,0.07,3.5,0,0.37,0.03,0.01,96.1,1064916,2047031.73,1469095.47,38.81,12110.4,1143897.87,2880208.53,76.09,2088329.87,492989.87,4829.33,2.46,0.06,284.77,0,114.33,0,2.1,0.11,2.46,0.01,2.45,0,0.12,569.55,0,0.15,653.75,6010.93,1230.93,21035.2,0,840.18,424.22,5890.28,28.59,0,0,0,0,0.2,434,0.29,0.21,0.11,0,4.9,0,1.49,0,0.01,93.6,3002419.2,4687183.2,2774795.73,35.61,51943.73,1793162.93,5397706.4,69.26,3396672.8,1150574.13,214.13,1.33,0.44,7.16,0,5.71,0,0.69,0.06,1.33,0.08,1.26,0,0.88,14.32,0,0.42,2192.61,58396.47,1403.73,53191.8,0,2357.96,1494.72,680.22,4455.56,0,0,0,0,0.4,432.67,0.27,0.18,0.09,0.13,5.06,0,1.51,0,0.01,93.42,3007306.13,4693953.6,2767457.33,35.51,52393.07,1794480.8,5396298.4,69.25,3390022.4,1151905.87,186.4,1.44,0,8.04,0,5.63,0,0.72,0.05,1.44,0,1.44,0,0,16.07,0,0.5,2201.73,58324.93,1405.87,53120.6,0,2363.3,1498.8,682.03,4469.04,0,0,0,0
Transformation,2G,500,1024,0,HTTP Request,1208056,0,0,2012.59,248.41,499,99.07,3,904,305,381,435,493,535,667,2788.94,4473.31,93.86,2048,,,100,3925.5,,,99.98,2048,,,99.87,4096,20.55,11.243,99.87,4096,20.05,10.536,13,1116.06,11.75,10.98,13.94,0.06,86.85,0,8.46,0.02,0.02,4.67,116899.5,454939.5,3054495.5,80.7,13382.25,506268.75,4164870.5,110.03,3151202.75,356975.5,10339.5,5.31,12.87,639.61,0,149.33,0,2.39,0.47,5.31,1.2,4.11,0,25.74,1279.22,0,1.11,8262.45,4701.88,2486,19777.25,0,3377.45,6727.18,5909.59,4851.55,0,0,0,0,N/A,N/A,N/A,N/A,0,173,0.07,0.07,0.02,0.06,0.74,0,0.9,0,0,98.35,5000571.75,6450286.5,1015979.5,13.04,49736,1565980.5,5181750,66.49,1639084,937869.5,199.25,1.18,0.41,6.18,0,5.6,0,0.68,0.05,1.18,0.07,1.1,0,0.82,12.36,0,0.13,2953.08,57585.62,1594,50345.25,0,3361.43,1689.76,2186.72,1943.16,0,0,0,0,51681.00,1412157,232870,265502,0.12,161.38,0.1,0.1,0.04,0.12,2.55,0,0.28,0.03,0.01,97.14,1082447.75,2097046.25,1418585.25,37.48,12466,1175521,2878321.75,76.04,2066168,497718.5,2970,2.23,0,229.97,0,99.66,0,1.87,0.1,2.23,0,2.23,0,0,459.94,0,0.15,559.22,6189.69,1220,21199.31,0,655.85,331.7,4619.38,22.48,0,0,0,0,0.5,418.62,0.37,0.34,0.24,0.06,4.67,0,1.3,0,0.01,94.02,3117427.75,4804033,2657944.75,34.11,52527.75,1794208.25,5377502.75,69,3281461.25,1151410.75,236.5,1.35,0,7.33,0,5.45,0,0.73,0.05,1.35,0,1.35,0,0,14.65,0,0.48,1810.87,58540.31,1396,53210.25,0,1840.59,1167.24,1342.09,4288.69,0,0,0,0,0.19,417.5,0.35,0.34,0.24,0,4.2,0,1.14,0,0,94.65,3080672.75,4768563.5,2693098,34.56,52621.25,1795446,5364872,68.84,3316789,1152752.25,191,1.4,0,7.58,0,5.46,0,0.72,0.05,1.4,0,1.4,0,0,15.16,0,0.48,1795.85,58441.75,1398,53119.88,0,1844.7,1169.44,1344.29,4296.51,0,0,0,0
Transformation,2G,500,10240,0,HTTP Request,414959,0,0,691.29,723.19,499,219.06,26,1907,863,999,1095,1199,1279,1567,7184.93,7758.75,95.35,2048,,,0,3925.5,,,99.98,2048,,,99.93,4096,19.6,10137.083,99.92,4096,19.15,9485.837,12.81,1155.06,14.7,13.32,13.15,0,87.72,0,6.35,0.01,0.02,5.9,118166.75,368264.25,3142085.75,83.01,14157,418961,4210753.75,111.24,3242733.75,264611,3746.25,3.56,14.83,255.45,0,100.81,0,1.87,0.33,3.56,1.11,2.45,0,29.65,510.91,0,1.12,6323.73,4475.12,2476,19662.06,0,4750.1,4339.25,13451.18,12966.74,0,0,0,0,N/A,N/A,N/A,N/A,0.12,173.19,0.07,0.06,0.01,0,0.53,0,0.61,0,0,98.86,5153083.25,6603742.5,862111.25,11.06,50358.75,1566255.25,5190324,66.6,1486969,937660.75,209.75,1.06,0,5.74,0,5.44,0,0.66,0.03,1.06,0,1.06,0,0,11.49,0,0.07,2126.19,57792.44,1578,50389.5,0,1885.3,2317.89,6352.93,6327.05,0,0,0,0,34486.59,1016224,105977,245957,0.07,160.87,0.03,0.04,0.01,0.07,1.27,0,0.14,0.01,0.01,98.57,1197882.13,2206151.73,1309498.93,34.59,12846.67,1168877.33,2877598.67,76.02,1984865.33,463582.4,2016.27,1.51,0,89.26,0,57.88,0,1.41,0.06,1.51,0,1.51,0,0,178.51,0,0.13,240.8,6368.13,1233.07,21362.8,0,244.56,123.74,1710.11,8.86,0,0,0,0,0,434.93,0.15,0.17,0.21,0.13,3.19,0,0.79,0,0,96.02,3152623.73,4840186.93,2621783.2,33.64,52812.8,1794904,5401992.8,69.32,3245541.07,1151781.87,186.93,1.35,0,7.54,0,5.62,0,0.73,0.04,1.35,0,1.35,0,0,15.08,0,0.51,1413.94,58647.6,1397.33,53214,0,1301.76,1351.95,3359.28,4471.87,0,0,0,0,0.07,434.27,0.18,0.19,0.2,0.07,3.29,0,0.78,0,0,95.92,3142275.73,4831272,2630626.13,33.76,52872.8,1796319.73,5391308.27,69.18,3254376.27,1153300.53,255.2,1.41,0,7.89,0,5.61,0,0.75,0.05,1.41,0,1.41,0,0,15.77,0,0.51,1407.22,58547.73,1390.93,53121.93,0,1292.09,1347.42,3345.11,4454.13,0,0,0,0
Transformation,2G,500,102400,0,HTTP Request,49338,0,0,81.96,6064.63,497,467.54,1816,7861,6367,6623,6815,7007,7135,7519,8238.78,8296.4,91.79,2048,,,,,,,99.97,2048,,,99.95,4096,19.45,9920.001,99.95,4096,19.35,9775.044,14.2,1154,12,11.63,12.28,0.07,92.28,0,4.12,0,0.02,3.58,137619.73,86330.13,3463453.6,91.5,7638.4,93885.33,4208485.6,111.18,3431261.33,54466.4,862.4,2.4,17.95,71.61,0,33.42,0,1.02,0.13,2.4,0.82,1.59,0,35.9,143.22,0,0.79,6500.98,3669.53,2180.27,18109.33,0,4198.69,3311.02,16355.99,15899.51,0,0,0,0,N/A,N/A,N/A,N/A,0.13,173.4,0.04,0.03,0,0.07,0.43,0,0.53,0,0.01,99.03,5581918.93,7033050.67,433649.33,5.56,50613.6,1566476.53,5190388,66.61,1059811.47,937757.33,181.6,1.11,0,6.02,0,5.42,0,0.66,0.04,1.11,0,1.11,0,0,12.04,0,0.07,1294.91,57948.13,1267.2,50061.73,0,1466.21,1962.6,7903.47,7917.59,0,0,0,0,20774.99,588528,12464,105797,0.07,159.93,0,0.01,0,0.13,0.49,0,0.05,0.01,0.01,99.45,1896325.6,2920814.13,594793.33,15.71,13221.6,1184397.07,2875189.6,75.96,1300204,451015.47,304.53,1.19,0,17.49,0,14.64,0,0.8,0.06,1.19,0,1.19,0,0,34.97,0,0.13,82.52,6548.6,1230.93,21529.67,0,32.99,16.64,213.44,1.83,0,0,0,0,0.13,433.87,0.11,0.12,0.14,0.07,2.9,0,0.6,0,0,96.49,3176342.67,4864964.8,2596707.2,33.32,53083.47,1795705.87,5393955.2,69.22,3219022.13,1152456,198.93,1.38,0,7.49,0,5.47,0,0.68,0.04,1.38,0,1.38,0,0,14.97,0,0.35,1250.17,58757.13,1420.8,53221.87,0,925.83,1129.38,4000.58,4291.61,0,0,0,0,0.4,433.67,0.15,0.13,0.14,0,2.23,0,0.46,0,0,97.31,3172054.4,4862047.73,2599501.87,33.36,53117.33,1797002.4,5387407.2,69.13,3222774.67,1153858.67,186.67,1.45,0,7.92,0,5.45,0,0.7,0.05,1.45,0,1.45,0,0,15.84,0,0.5,1253.11,58656.67,1408,53129.6,0,925.36,1133.17,3990.13,4351,0,0,0,0
Transformation,2G,1000,50,0,HTTP Request,1421104,0,0,2365.51,422.7,999,142.95,28,1338,511,615,679,751,803,963,993.33,3003.08,92.23,2048,,,99.99,3925.5,,,99.98,2048,,,99.85,4096,28.1,21.92,99.85,4096,27.3,20.789,11.25,1116.06,11.95,11.33,11.51,0.06,85.8,0,9.74,0.03,0.01,4.42,155318,467852,3038856.5,80.28,14364.75,479912.75,4165330.75,110.04,3141340.25,324224,14443.75,7.02,33.73,736.38,0,154.74,0,2.41,0.64,7.02,2.45,4.57,0,67.45,1472.76,0,1.13,8941.24,6406.5,3460,21614.06,0,3996.07,7949.8,3207.61,1934.6,0,0,0,0,N/A,N/A,N/A,N/A,0.06,172.69,0.07,0.04,0.01,0.12,0.85,0,1.05,0,0,98.1,4966853.25,6419061.5,1044993.75,13.41,50884.25,1566890.5,5181845.5,66.5,1669738.75,938040.5,173.25,1.08,0,5.99,0,5.52,0,0.68,0.04,1.08,0,1.08,0,0,11.97,0,0.07,3530.54,58112.88,2118,50888.19,0,3969.24,1995.47,697.9,408.53,0,0,0,0,59505.00,1692049,274092,269597,0.25,161.38,0.06,0.05,0,0.06,3.11,0,0.31,0.03,0.01,96.54,921392.75,2109094.25,1404149.5,37.1,13595.5,1344929.75,2876239.75,75.99,2136889,582808.25,4115.75,2.34,0.06,263.54,0,107.37,0,1.89,0.1,2.34,0,2.34,0,0.12,527.07,0,0.14,689.18,6722.62,1228,21690.25,0,775.99,392.86,5426.92,26.49,0,0,0,0,0.06,653.44,0.55,0.36,0.2,0,5.07,0,1.42,0,0,93.5,3023838,4713561.25,2745655.5,35.23,53341.5,1796350,5622180.5,72.15,3358711,1153000.5,252.5,1.38,0,7.77,0,5.7,0,0.71,0.05,1.38,0,1.38,0,0,15.55,0,0.74,2092.96,58863.94,1626,53446.69,0,2176.12,1382.42,630,4106.15,0,0,0,0,0.06,651.88,0.48,0.36,0.25,0,4.75,0,1.34,0,0,93.91,3056062,4747141,2711607.75,34.8,53339,1797706.5,5619286.75,72.11,3324575,1154435.75,224.75,1.4,0,7.73,0,5.58,0,0.72,0.05,1.4,0,1.4,0,0,15.46,0,0.73,2087.13,58763.12,1620,53353.75,0,2182.37,1385.59,631.67,4117.96,0,0,0,0
Transformation,2G,1000,1024,0,HTTP Request,1136035,0,0,1891.53,528.52,999,165.58,41,1613,635,747,819,911,971,1135,2621.17,4204.21,93.38,2048,,,99.99,3925.5,,,99.98,2048,,,99.86,4096,28.4,22.345,99.84,4096,28.15,21.991,11.88,1144.75,11.82,11.11,11.15,0,86.3,0,8.84,0.01,0.02,4.84,110322.75,447655.75,3058505.75,80.8,12647.5,505701.75,4195621.5,110.84,3149161.75,359906.5,11891.75,5.27,13.89,613.66,0,147.19,0,2.37,0.46,5.27,1.25,4.02,0,27.78,1227.32,0,1.13,7839.33,4760.06,3306,20446.94,0,3227.71,6414.09,5622.93,4623.19,0,0,0,0,N/A,N/A,N/A,N/A,0.06,173.38,0.1,0.09,0.04,0.06,0.72,0,0.86,0,0,98.41,4984601,6437206.25,1027362.75,13.18,51140,1567081.75,5195672,66.67,1652864.25,938108,195,1.08,0,5.95,0,5.51,0,0.65,0.04,1.08,0,1.08,0,0,11.91,0,0.07,2942.1,58273.44,1996,50797.38,0,3201.14,1610.87,2080.2,1848.53,0,0,0,0,49166.85,1403346,209245,271214,0.12,165.12,0.05,0.05,0.01,0.06,2.42,0,0.27,0.04,0.01,97.28,868352,2097754,1414671,37.37,14171.75,1385288,2882569.25,76.15,2177467.5,593386.25,3356.75,2.69,13.2,220.4,0,96.87,0,1.74,0.15,2.69,0.61,2.08,0,26.41,440.8,0,0.25,567.23,7071,1236,21967.5,0,630.08,319.99,4398.31,21.72,0,0,0,0,0.06,651.12,0.21,0.28,0.29,0.12,4.5,0,1.29,0,0,94.21,3152211,4842976.5,2616172,33.57,53596.5,1797076,5341412.75,68.54,3230919,1153609.5,225.75,1.46,0,8.07,0,5.64,0,0.7,0.05,1.46,0,1.46,0,0,16.13,0,0.74,1813.03,58961.31,1578,53405,0,1759,1118.03,1280.79,4081.69,0,0,0,0,0.12,650.12,0.26,0.26,0.26,0.06,4.28,0,1.13,0,0,94.59,3263719,4955692,2503433.25,32.12,53576.75,1798465.25,5330043.75,68.39,3117929.75,1155062.25,252.25,1.51,0,8.36,0,5.51,0,0.7,0.05,1.51,0,1.51,0,0,16.73,0,0.74,1796.73,58860.06,1568,53311.69,0,1760.54,1121.03,1282.74,4089.1,0,0,0,0
Transformation,2G,1000,10240,0,HTTP Request,366223,0,0,609.3,1638.37,998,390.15,193,3878,1879,2111,2287,2527,2687,3295,6332.79,6838.55,91.43,2048,455.333,41.861,0,3925.5,,,99.98,2048,,,99.91,4096,28.05,21.85,99.91,4096,27.7,21.355,21.81,1155.94,14.75,13.38,12.17,0,87.8,0,5.81,0.01,0.01,6.37,127515.75,334431,3173546.25,83.84,12483,377431,4209995.5,111.22,3263711.5,228167,2968.5,2.84,5.83,229.31,0,95.23,0,1.78,0.2,2.84,0.5,2.34,0,11.65,458.63,0,0.93,5596.35,4410.25,3334,20302.69,0,4313.56,3880.82,11937.72,11509.99,0,0,0,0,N/A,N/A,N/A,N/A,0.33,173.13,0.01,0.02,0.01,0.07,0.55,0,0.6,0,0,98.84,5196645.6,6649941.33,814552.27,10.45,51396.53,1567498.67,5185840,66.55,1441029.87,938393.33,195.47,1.11,0,6.05,0,5.43,0,0.69,0.03,1.11,0,1.11,0,0,12.1,0,0.06,1968.44,58435.47,2013.87,50809.53,0,1714.04,2164.22,5731.93,5710.22,0,0,0,0,33664.71,924402,107888,245000,0,161.2,0.03,0.02,0,0.07,1.16,0,0.13,0.01,0.01,98.69,938295.2,2173860.27,1338098.67,35.35,15387.2,1389764.53,2879503.73,76.07,2134117.87,566029.33,1453.6,1.45,0.04,81.79,0,55.41,0,1.34,0.07,1.45,0,1.45,0,0.09,163.59,0,0.13,223.46,7977.13,1233.07,22610.07,0,220.02,111.27,1521.09,8.05,0,0,0,0,0.2,684.87,0.2,0.15,0.17,0.13,3.19,0,0.78,0,0,96.03,3094873.6,4786663.47,2672388.8,34.29,53845.07,1797887.73,5659266.67,72.63,3285539.73,1154290.93,194.93,1.45,0,7.93,0,5.58,0,0.68,0.05,1.45,0,1.45,0,0,15.87,0,0.78,1328.37,59075.6,1649.07,53454.8,0,1169.17,1221.81,3000.86,3992.75,0,0,0,0,0.07,683.93,0.12,0.12,0.16,0.13,3.07,0,0.72,0,0,96.21,3050821.87,4743824.27,2714604.53,34.84,53813.33,1799168.8,5643332,72.42,3327660.27,1155634.13,216,1.4,0,7.89,0,5.61,0,0.72,0.05,1.4,0,1.4,0,0,15.78,0,0.78,1310.88,58974.8,1617.07,53362.13,0,1157.87,1210.77,2971.76,3955.81,0,0,0,0
Transformation,2G,1000,102400,0,HTTP Request,3000,3000,100,5.01,180671.49,905,265.12,180031,181510,181247,181247,181247,181247,181247,182271,10.07,0,99.13,2048,,,,,,,99.99,2048,,,99.95,4096,51.7,55.296,99.95,4096,51.25,54.66,0.19,1157.44,0.9,3.62,7.82,0.69,8.55,0,0.67,0.1,0,90.67,111867,51908.75,3505584.75,92.61,7041.5,75657,4211646.25,111.27,3472487.75,50353.5,1410.25,12.86,138.19,1342.27,0,88.93,0.01,1.52,0.73,12.86,4.99,7.86,0,276.38,2684.54,0,0.75,792.58,3321,2548,17872.31,0,237.86,223.3,1084.39,549.29,0,0,0,0,N/A,N/A,N/A,N/A,0.25,173.31,0.02,0.01,0,0.06,0.08,0,0.03,0,0,99.88,5765588.75,7219362,247334,3.17,51720,1567903.5,5192600,66.64,875488.5,938666,197.25,1.06,0,5.64,0,5.33,0,0.66,0.03,1.06,0,1.06,0,0,11.27,0,0.07,171.13,58593.81,1218,49977.69,0,100.58,106.66,528.69,528.47,0,0,0,0,3711.87,77046,2370,22291,0,161.75,0,0,0,0,0.3,0,0.02,0.01,0,99.67,1882762.5,3138916,372418.5,9.84,15784,1409468.75,2873697.25,75.92,1201291,555115.5,203.5,1.16,0,7.99,0,6.9,0,0.73,0.05,1.16,0,1.16,0,0,15.98,0,0.18,77.45,8154.88,1230,22772.31,0,9.19,5.16,12.8,1.05,0,0,0,0,0,664.81,0.01,0.04,0.08,0,0.51,0,0.05,0,0,99.44,4990085.75,6682882.5,775792.75,9.96,54106.5,1798571.75,5638782.75,72.36,1392130.25,1154841.75,217.25,1.31,0,7.06,0,5.41,0,0.7,0.04,1.31,0,1.31,0,0,14.13,0,0.59,152.85,59183.31,1600,53446.06,0,59.61,67.93,10.6,284.07,0,0,0,0,0.25,663.88,0.06,0.06,0.08,0,0.56,0,0.05,0,0,99.38,4991297.5,6685470.75,773025,9.92,54066.75,1799963,5627739,72.22,1389077.5,1156295.75,201.5,1.42,0,7.55,0,5.3,0,0.72,0.05,1.42,0,1.42,0,0,15.1,0,0.74,158.2,59083.19,1628,53354.06,0,59.63,67.87,10.6,283.87,0,0,0,0
